,accuracy,f1,precision,recall,binary_f1,binary_precision,binary_recall
0,0.8251748251748252,0.7747747747747749,0.9148936170212766,0.671875,0.8571428571428572,0.78125,0.9493670886075949
1,0.8251748251748252,0.8571428571428572,0.78125,0.9493670886075949,0.8571428571428572,0.78125,0.9493670886075949
