,accuracy,f1,precision,recall,binary_f1,binary_precision,binary_recall
0,0.9159001314060446,0.9128065395095368,0.9103260869565217,0.9153005464480874,0.9187817258883249,0.9211195928753181,0.9164556962025316
1,0.9159001314060446,0.9187817258883249,0.9211195928753181,0.9164556962025316,0.9187817258883249,0.9211195928753181,0.9164556962025316
