,accuracy,f1,precision,recall,binary_f1,binary_precision,binary_recall
0,0.8685939553219448,0.8533724340175954,0.9208860759493671,0.7950819672131147,0.880952380952381,0.8314606741573034,0.9367088607594937
1,0.8685939553219448,0.880952380952381,0.8314606741573034,0.9367088607594937,0.880952380952381,0.8314606741573034,0.9367088607594937
