,accuracy,f1,precision,recall,binary_f1,binary_precision,binary_recall
0,0.8226018396846255,0.7919876733436055,0.9081272084805654,0.7021857923497268,0.8453608247422681,0.7719665271966527,0.9341772151898734
1,0.8226018396846255,0.8453608247422681,0.7719665271966527,0.9341772151898734,0.8453608247422681,0.7719665271966527,0.9341772151898734
