,accuracy,f1,precision,recall,binary_f1,binary_precision,binary_recall
0,0.8484848484848485,0.8104956268221574,0.9205298013245033,0.7239583333333334,0.8737864077669901,0.8093525179856115,0.9493670886075949
1,0.8484848484848485,0.8737864077669901,0.8093525179856115,0.9493670886075949,0.8737864077669901,0.8093525179856115,0.9493670886075949
