,accuracy,f1,precision,recall,binary_f1,binary_precision,binary_recall
0,0.8508158508158508,0.8315789473684212,0.8404255319148937,0.8229166666666666,0.8661087866108788,0.8589211618257261,0.8734177215189873
1,0.8508158508158508,0.8661087866108788,0.8589211618257261,0.8734177215189873,0.8661087866108788,0.8589211618257261,0.8734177215189873
