,accuracy,f1,precision,recall,binary_f1,binary_precision,binary_recall
0,0.8475689881734559,0.8263473053892215,0.9139072847682119,0.7540983606557377,0.864168618266979,0.803921568627451,0.9341772151898734
1,0.8475689881734559,0.864168618266979,0.803921568627451,0.9341772151898734,0.864168618266979,0.803921568627451,0.9341772151898734
