,accuracy,f1,precision,recall,binary_f1,binary_precision,binary_recall
0,0.8578088578088578,0.8300835654596099,0.8922155688622755,0.7760416666666666,0.8777555110220441,0.8358778625954199,0.9240506329113924
1,0.8578088578088578,0.8777555110220441,0.8358778625954199,0.9240506329113924,0.8777555110220441,0.8358778625954199,0.9240506329113924
