,accuracy,f1,precision,recall,binary_f1,binary_precision,binary_recall
0,0.9053876478318003,0.8965517241379309,0.9454545454545454,0.8524590163934426,0.9128329297820824,0.8747099767981439,0.9544303797468354
1,0.9053876478318003,0.9128329297820824,0.8747099767981439,0.9544303797468354,0.9128329297820824,0.8747099767981439,0.9544303797468354
