,accuracy,f1,precision,recall,binary_f1,binary_precision,binary_recall
0,0.8484848484848485,0.8189415041782732,0.8802395209580839,0.765625,0.8697394789579159,0.8282442748091603,0.9156118143459916
1,0.8484848484848485,0.8697394789579159,0.8282442748091603,0.9156118143459916,0.8697394789579159,0.8282442748091603,0.9156118143459916
