,accuracy,f1,precision,recall,binary_f1,binary_precision,binary_recall
0,0.8624708624708625,0.837465564738292,0.8888888888888888,0.7916666666666666,0.8808080808080807,0.8449612403100775,0.919831223628692
1,0.8624708624708625,0.8808080808080807,0.8449612403100775,0.919831223628692,0.8808080808080807,0.8449612403100775,0.919831223628692
