,accuracy,f1,precision,recall,binary_f1,binary_precision,binary_recall
0,0.8414918414918415,0.8034682080924855,0.9025974025974026,0.7239583333333334,0.8671875,0.8072727272727273,0.9367088607594937
1,0.8414918414918415,0.8671875,0.8072727272727273,0.9367088607594937,0.8671875,0.8072727272727273,0.9367088607594937
