,accuracy,f1,precision,recall,binary_f1,binary_precision,binary_recall
0,0.8081471747700394,0.7760736196319019,0.8846153846153846,0.6912568306010929,0.832183908045977,0.7621052631578947,0.9164556962025316
1,0.8081471747700394,0.832183908045977,0.7621052631578947,0.9164556962025316,0.832183908045977,0.7621052631578947,0.9164556962025316
