,accuracy,f1,precision,recall,binary_f1,binary_precision,binary_recall
0,0.8648018648018648,0.8512820512820513,0.8383838383838383,0.8645833333333334,0.8760683760683762,0.8874458874458875,0.8649789029535865
1,0.8648018648018648,0.8760683760683762,0.8874458874458875,0.8649789029535865,0.8760683760683762,0.8874458874458875,0.8649789029535865
