,accuracy,f1,precision,recall,binary_f1,binary_precision,binary_recall
0,0.9093298291721419,0.9071332436069987,0.8938992042440318,0.9207650273224044,0.9114249037227214,0.9244791666666666,0.8987341772151899
1,0.9093298291721419,0.9114249037227214,0.9244791666666666,0.8987341772151899,0.9114249037227214,0.9244791666666666,0.8987341772151899
