,accuracy,f1,precision,recall,binary_f1,binary_precision,binary_recall
0,0.8321678321678322,0.7954545454545454,0.875,0.7291666666666666,0.857707509881423,0.8066914498141264,0.9156118143459916
1,0.8321678321678322,0.857707509881423,0.8066914498141264,0.9156118143459916,0.857707509881423,0.8066914498141264,0.9156118143459916
