,accuracy,f1,precision,recall,binary_f1,binary_precision,binary_recall
0,0.8961892247043364,0.8922237380627558,0.8910081743869209,0.8934426229508197,0.899873257287706,0.9010152284263959,0.8987341772151899
1,0.8961892247043364,0.899873257287706,0.9010152284263959,0.8987341772151899,0.899873257287706,0.9010152284263959,0.8987341772151899
