,accuracy,f1,precision,recall,binary_f1,binary_precision,binary_recall
0,0.7972027972027972,0.7692307692307692,0.7837837837837838,0.7552083333333334,0.819126819126819,0.8073770491803278,0.8312236286919831
1,0.7972027972027972,0.819126819126819,0.8073770491803278,0.8312236286919831,0.819126819126819,0.8073770491803278,0.8312236286919831
