,accuracy,f1,precision,recall,binary_f1,binary_precision,binary_recall
0,0.8717948717948718,0.8556430446194226,0.8624338624338624,0.8489583333333334,0.8846960167714885,0.8791666666666667,0.890295358649789
1,0.8717948717948718,0.8846960167714885,0.8791666666666667,0.890295358649789,0.8846960167714885,0.8791666666666667,0.890295358649789
