,accuracy,f1,precision,recall,binary_f1,binary_precision,binary_recall
0,0.8961892247043364,0.8948069241011984,0.8727272727272727,0.9180327868852459,0.8975356679636836,0.9202127659574468,0.8759493670886076
1,0.8961892247043364,0.8975356679636836,0.9202127659574468,0.8759493670886076,0.8975356679636836,0.9202127659574468,0.8759493670886076
