,accuracy,f1,precision,recall,binary_f1,binary_precision,binary_recall
0,0.900131406044678,0.8961748633879781,0.8961748633879781,0.8961748633879781,0.9037974683544304,0.9037974683544304,0.9037974683544304
1,0.900131406044678,0.9037974683544304,0.9037974683544304,0.9037974683544304,0.9037974683544304,0.9037974683544304,0.9037974683544304
