,accuracy,f1,precision,recall,binary_f1,binary_precision,binary_recall
0,0.8291721419185283,0.7909967845659164,0.9609375,0.6721311475409836,0.8555555555555555,0.7623762376237624,0.9746835443037974
1,0.8291721419185283,0.8555555555555555,0.7623762376237624,0.9746835443037974,0.8555555555555555,0.7623762376237624,0.9746835443037974
