,accuracy,f1,precision,recall,binary_f1,binary_precision,binary_recall
0,0.7878787878787878,0.72,0.8796992481203008,0.609375,0.8292682926829269,0.7466216216216216,0.9324894514767933
1,0.7878787878787878,0.8292682926829269,0.7466216216216216,0.9324894514767933,0.8292682926829269,0.7466216216216216,0.9324894514767933
