,accuracy,f1,precision,recall,binary_f1,binary_precision,binary_recall
0,0.8278580814717477,0.7987711213517664,0.9122807017543859,0.7103825136612022,0.8495981630309989,0.7773109243697479,0.9367088607594937
1,0.8278580814717477,0.8495981630309989,0.7773109243697479,0.9367088607594937,0.8495981630309989,0.7773109243697479,0.9367088607594937
