,accuracy,f1,precision,recall,binary_f1,binary_precision,binary_recall
0,0.8065268065268065,0.7537091988130564,0.8758620689655172,0.6614583333333334,0.8406909788867563,0.7711267605633803,0.9240506329113924
1,0.8065268065268065,0.8406909788867563,0.7711267605633803,0.9240506329113924,0.8406909788867563,0.7711267605633803,0.9240506329113924
