,accuracy,f1,precision,recall,binary_f1,binary_precision,binary_recall
0,0.8304862023653088,0.8083209509658247,0.8859934853420195,0.7431693989071039,0.8480565371024735,0.7929515418502202,0.9113924050632911
1,0.8304862023653088,0.8480565371024735,0.7929515418502202,0.9113924050632911,0.8480565371024735,0.7929515418502202,0.9113924050632911
