,accuracy,f1,precision,recall,binary_f1,binary_precision,binary_recall
0,0.8135198135198135,0.7752808988764045,0.8414634146341463,0.71875,0.8406374501992032,0.7962264150943397,0.890295358649789
1,0.8135198135198135,0.8406374501992032,0.7962264150943397,0.890295358649789,0.8406374501992032,0.7962264150943397,0.890295358649789
