,accuracy,f1,precision,recall,binary_f1,binary_precision,binary_recall
0,0.8531468531468531,0.8292682926829269,0.864406779661017,0.796875,0.8711656441717791,0.8452380952380952,0.8987341772151899
1,0.8531468531468531,0.8711656441717791,0.8452380952380952,0.8987341772151899,0.8711656441717791,0.8452380952380952,0.8987341772151899
