,accuracy,f1,precision,recall,binary_f1,binary_precision,binary_recall
0,0.9277266754270697,0.9253731343283582,0.9191374663072777,0.9316939890710383,0.9299363057324842,0.9358974358974359,0.9240506329113924
1,0.9277266754270697,0.9299363057324842,0.9358974358974359,0.9240506329113924,0.9299363057324842,0.9358974358974359,0.9240506329113924
