,accuracy,f1,precision,recall,binary_f1,binary_precision,binary_recall
0,0.783180026281209,0.751131221719457,0.8383838383838383,0.680327868852459,0.8079161816065192,0.7478448275862069,0.8784810126582279
1,0.783180026281209,0.8079161816065192,0.7478448275862069,0.8784810126582279,0.8079161816065192,0.7478448275862069,0.8784810126582279
