,accuracy,f1,precision,recall,binary_f1,binary_precision,binary_recall
0,0.7808857808857809,0.7267441860465116,0.8223684210526315,0.6510416666666666,0.8171206225680934,0.7581227436823105,0.8860759493670886
1,0.7808857808857809,0.8171206225680934,0.7581227436823105,0.8860759493670886,0.8171206225680934,0.7581227436823105,0.8860759493670886
