,accuracy,f1,precision,recall,binary_f1,binary_precision,binary_recall
0,0.8881118881118881,0.8723404255319149,0.8913043478260869,0.8541666666666666,0.900414937759336,0.8857142857142857,0.9156118143459916
1,0.8881118881118881,0.900414937759336,0.8857142857142857,0.9156118143459916,0.900414937759336,0.8857142857142857,0.9156118143459916
