,accuracy,f1,precision,recall,binary_f1,binary_precision,binary_recall
0,0.8228438228438228,0.806122448979592,0.79,0.8229166666666666,0.8369098712446352,0.851528384279476,0.8227848101265823
1,0.8228438228438228,0.8369098712446352,0.851528384279476,0.8227848101265823,0.8369098712446352,0.851528384279476,0.8227848101265823
