,accuracy,f1,precision,recall,binary_f1,binary_precision,binary_recall
0,0.8764783180026281,0.8668555240793201,0.9,0.8360655737704918,0.8848039215686275,0.8574821852731591,0.9139240506329114
1,0.8764783180026281,0.8848039215686275,0.8574821852731591,0.9139240506329114,0.8848039215686275,0.8574821852731591,0.9139240506329114
