,accuracy,f1,precision,recall,binary_f1,binary_precision,binary_recall
0,0.8018648018648019,0.750733137829912,0.8590604026845637,0.6666666666666666,0.8355899419729208,0.7714285714285715,0.9113924050632911
1,0.8018648018648019,0.8355899419729208,0.7714285714285715,0.9113924050632911,0.8355899419729208,0.7714285714285715,0.9113924050632911
