,accuracy,f1,precision,recall,binary_f1,binary_precision,binary_recall
0,0.8554778554778555,0.8306010928961748,0.8735632183908046,0.7916666666666666,0.8739837398373984,0.8431372549019608,0.9071729957805907
1,0.8554778554778555,0.8739837398373984,0.8431372549019608,0.9071729957805907,0.8739837398373984,0.8431372549019608,0.9071729957805907
