,accuracy,f1,precision,recall,binary_f1,binary_precision,binary_recall
0,0.8484848484848485,0.8302872062663185,0.8324607329842932,0.828125,0.8631578947368421,0.8613445378151261,0.8649789029535865
1,0.8484848484848485,0.8631578947368421,0.8613445378151261,0.8649789029535865,0.8631578947368421,0.8613445378151261,0.8649789029535865
