,accuracy,f1,precision,recall,binary_f1,binary_precision,binary_recall
0,0.8633377135348226,0.8563535911602211,0.8659217877094972,0.8469945355191257,0.8696741854636592,0.8610421836228288,0.8784810126582279
1,0.8633377135348226,0.8696741854636592,0.8610421836228288,0.8784810126582279,0.8696741854636592,0.8610421836228288,0.8784810126582279
