,accuracy,f1,precision,recall,binary_f1,binary_precision,binary_recall
0,0.9277266754270697,0.9247606019151847,0.9260273972602739,0.9234972677595629,0.9304677623261695,0.9292929292929293,0.9316455696202531
1,0.9277266754270697,0.9304677623261695,0.9292929292929293,0.9316455696202531,0.9304677623261695,0.9292929292929293,0.9316455696202531
