,accuracy,f1,precision,recall,binary_f1,binary_precision,binary_recall
0,0.8601398601398601,0.8314606741573034,0.9024390243902439,0.7708333333333334,0.8804780876494025,0.8339622641509434,0.9324894514767933
1,0.8601398601398601,0.8804780876494025,0.8339622641509434,0.9324894514767933,0.8804780876494025,0.8339622641509434,0.9324894514767933
