,accuracy,f1,precision,recall,binary_f1,binary_precision,binary_recall
0,0.8251748251748252,0.7875354107648725,0.8633540372670807,0.7239583333333334,0.8514851485148515,0.8022388059701493,0.9071729957805907
1,0.8251748251748252,0.8514851485148515,0.8022388059701493,0.9071729957805907,0.8514851485148515,0.8022388059701493,0.9071729957805907
