,accuracy,f1,precision,recall,binary_f1,binary_precision,binary_recall
0,0.8368298368298368,0.8022598870056498,0.8765432098765432,0.7395833333333334,0.8611111111111112,0.8127340823970037,0.9156118143459916
1,0.8368298368298368,0.8611111111111112,0.8127340823970037,0.9156118143459916,0.8611111111111112,0.8127340823970037,0.9156118143459916
