,accuracy,f1,precision,recall,binary_f1,binary_precision,binary_recall
0,0.9211563731931669,0.9175824175824175,0.9226519337016574,0.912568306010929,0.924433249370277,0.9197994987468672,0.9291139240506329
1,0.9211563731931669,0.924433249370277,0.9197994987468672,0.9291139240506329,0.924433249370277,0.9197994987468672,0.9291139240506329
