,accuracy,f1,precision,recall,binary_f1,binary_precision,binary_recall
0,0.8834498834498834,0.8670212765957448,0.8858695652173914,0.8489583333333334,0.8962655601659753,0.8816326530612245,0.9113924050632911
1,0.8834498834498834,0.8962655601659753,0.8816326530612245,0.9113924050632911,0.8962655601659753,0.8816326530612245,0.9113924050632911
