,accuracy,f1,precision,recall,binary_f1,binary_precision,binary_recall
0,0.9277266754270697,0.9235048678720446,0.9405099150141643,0.907103825136612,0.9315068493150686,0.9166666666666666,0.9468354430379747
1,0.9277266754270697,0.9315068493150686,0.9166666666666666,0.9468354430379747,0.9315068493150686,0.9166666666666666,0.9468354430379747
