,accuracy,f1,precision,recall,binary_f1,binary_precision,binary_recall
0,0.8501971090670171,0.8251533742331288,0.9405594405594405,0.7349726775956285,0.8689655172413793,0.7957894736842105,0.9569620253164557
1,0.8501971090670171,0.8689655172413793,0.7957894736842105,0.9569620253164557,0.8689655172413793,0.7957894736842105,0.9569620253164557
