,accuracy,f1,precision,recall,binary_f1,binary_precision,binary_recall
0,0.8671328671328671,0.853470437017995,0.8426395939086294,0.8645833333333334,0.8784648187633263,0.8879310344827587,0.869198312236287
1,0.8671328671328671,0.8784648187633263,0.8879310344827587,0.869198312236287,0.8784648187633263,0.8879310344827587,0.869198312236287
