,accuracy,f1,precision,recall,binary_f1,binary_precision,binary_recall
0,0.8741258741258742,0.8563829787234043,0.875,0.8385416666666666,0.8879668049792531,0.8734693877551021,0.9029535864978903
1,0.8741258741258742,0.8879668049792531,0.8734693877551021,0.9029535864978903,0.8879668049792531,0.8734693877551021,0.9029535864978903
