,accuracy,f1,precision,recall,binary_f1,binary_precision,binary_recall
0,0.8817345597897503,0.8660714285714285,0.9509803921568627,0.7950819672131147,0.8941176470588236,0.8351648351648352,0.9620253164556962
1,0.8817345597897503,0.8941176470588236,0.8351648351648352,0.9620253164556962,0.8941176470588236,0.8351648351648352,0.9620253164556962
