,accuracy,f1,precision,recall,binary_f1,binary_precision,binary_recall
0,0.7972027972027972,0.7272727272727273,0.9133858267716536,0.6041666666666666,0.8385899814471245,0.7483443708609272,0.9535864978902954
1,0.7972027972027972,0.8385899814471245,0.7483443708609272,0.9535864978902954,0.8385899814471245,0.7483443708609272,0.9535864978902954
