,accuracy,f1,precision,recall,binary_f1,binary_precision,binary_recall
0,0.7844940867279895,0.722972972972973,0.9469026548672567,0.5846994535519126,0.8236559139784947,0.7158878504672898,0.9696202531645569
1,0.7844940867279895,0.8236559139784947,0.7158878504672898,0.9696202531645569,0.8236559139784947,0.7158878504672898,0.9696202531645569
