,accuracy,f1,precision,recall,binary_f1,binary_precision,binary_recall
0,0.8671328671328671,0.8463611859838276,0.8770949720670391,0.8177083333333334,0.8829568788501025,0.86,0.9071729957805907
1,0.8671328671328671,0.8829568788501025,0.86,0.9071729957805907,0.8829568788501025,0.86,0.9071729957805907
