,accuracy,f1,precision,recall,binary_f1,binary_precision,binary_recall
0,0.8368298368298368,0.8011363636363635,0.88125,0.734375,0.8616600790513833,0.8104089219330854,0.919831223628692
1,0.8368298368298368,0.8616600790513833,0.8104089219330854,0.919831223628692,0.8616600790513833,0.8104089219330854,0.919831223628692
