,accuracy,f1,precision,recall,binary_f1,binary_precision,binary_recall
0,0.8567674113009198,0.8399412628487517,0.9079365079365079,0.7814207650273224,0.8703923900118907,0.820627802690583,0.9265822784810127
1,0.8567674113009198,0.8703923900118907,0.820627802690583,0.9265822784810127,0.8703923900118907,0.820627802690583,0.9265822784810127
