,accuracy,f1,precision,recall,binary_f1,binary_precision,binary_recall
0,0.8508158508158508,0.8241758241758241,0.872093023255814,0.78125,0.8704453441295548,0.8365758754863813,0.9071729957805907
1,0.8508158508158508,0.8704453441295548,0.8365758754863813,0.9071729957805907,0.8704453441295548,0.8365758754863813,0.9071729957805907
