,accuracy,f1,precision,recall,binary_f1,binary_precision,binary_recall
0,0.8578088578088578,0.8271954674220964,0.906832298136646,0.7604166666666666,0.8792079207920791,0.8283582089552238,0.9367088607594937
1,0.8578088578088578,0.8792079207920791,0.8283582089552238,0.9367088607594937,0.8792079207920791,0.8283582089552238,0.9367088607594937
