,accuracy,f1,precision,recall,binary_f1,binary_precision,binary_recall
0,0.8228438228438228,0.7724550898203594,0.9084507042253521,0.671875,0.8549618320610688,0.7804878048780488,0.9451476793248945
1,0.8228438228438228,0.8549618320610688,0.7804878048780488,0.9451476793248945,0.8549618320610688,0.7804878048780488,0.9451476793248945
