,accuracy,f1,precision,recall,binary_f1,binary_precision,binary_recall
0,0.8368298368298368,0.8076923076923077,0.8546511627906976,0.765625,0.8582995951417004,0.8249027237354085,0.8945147679324894
1,0.8368298368298368,0.8582995951417004,0.8249027237354085,0.8945147679324894,0.8582995951417004,0.8249027237354085,0.8945147679324894
