,accuracy,f1,precision,recall,binary_f1,binary_precision,binary_recall
0,0.8909329829172142,0.8845618915159944,0.9008498583569405,0.8688524590163934,0.8966376089663761,0.8823529411764706,0.9113924050632911
1,0.8909329829172142,0.8966376089663761,0.8823529411764706,0.9113924050632911,0.8966376089663761,0.8823529411764706,0.9113924050632911
