,accuracy,f1,precision,recall,binary_f1,binary_precision,binary_recall
0,0.717948717948718,0.6109324758842444,0.7983193277310925,0.4947916666666667,0.7787934186471664,0.6870967741935484,0.8987341772151899
1,0.717948717948718,0.7787934186471664,0.6870967741935484,0.8987341772151899,0.7787934186471664,0.6870967741935484,0.8987341772151899
