,accuracy,f1,precision,recall,binary_f1,binary_precision,binary_recall
0,0.8344283837056504,0.8079268292682927,0.9137931034482759,0.7240437158469946,0.8545034642032333,0.7855626326963907,0.9367088607594937
1,0.8344283837056504,0.8545034642032333,0.7855626326963907,0.9367088607594937,0.8545034642032333,0.7855626326963907,0.9367088607594937
