,accuracy,f1,precision,recall,binary_f1,binary_precision,binary_recall
0,0.8438228438228438,0.8080229226361032,0.8980891719745223,0.734375,0.8683693516699411,0.8125,0.9324894514767933
1,0.8438228438228438,0.8683693516699411,0.8125,0.9324894514767933,0.8683693516699411,0.8125,0.9324894514767933
