,accuracy,f1,precision,recall,binary_f1,binary_precision,binary_recall
0,0.8344988344988346,0.7893175074183977,0.9172413793103448,0.6927083333333334,0.8637236084452974,0.7922535211267606,0.9493670886075949
1,0.8344988344988346,0.8637236084452974,0.7922535211267606,0.9493670886075949,0.8637236084452974,0.7922535211267606,0.9493670886075949
