,accuracy,f1,precision,recall,binary_f1,binary_precision,binary_recall
0,0.8173455978975033,0.7761674718196457,0.9450980392156862,0.6584699453551912,0.8457269700332963,0.7529644268774703,0.9645569620253165
1,0.8173455978975033,0.8457269700332963,0.7529644268774703,0.9645569620253165,0.8457269700332963,0.7529644268774703,0.9645569620253165
