,accuracy,f1,precision,recall,binary_f1,binary_precision,binary_recall
0,0.8438228438228438,0.8154269972451791,0.8654970760233918,0.7708333333333334,0.8646464646464647,0.8294573643410853,0.9029535864978903
1,0.8438228438228438,0.8646464646464647,0.8294573643410853,0.9029535864978903,0.8646464646464647,0.8294573643410853,0.9029535864978903
