,accuracy,f1,precision,recall,binary_f1,binary_precision,binary_recall
0,0.926412614980289,0.9234972677595629,0.9234972677595629,0.9234972677595629,0.9291139240506329,0.9291139240506329,0.9291139240506329
1,0.926412614980289,0.9291139240506329,0.9291139240506329,0.9291139240506329,0.9291139240506329,0.9291139240506329,0.9291139240506329
