,accuracy,f1,precision,recall,binary_f1,binary_precision,binary_recall
0,0.8694638694638694,0.8502673796791443,0.8736263736263736,0.828125,0.884297520661157,0.8663967611336032,0.9029535864978903
1,0.8694638694638694,0.884297520661157,0.8663967611336032,0.9029535864978903,0.884297520661157,0.8663967611336032,0.9029535864978903
