,accuracy,f1,precision,recall,binary_f1,binary_precision,binary_recall
0,0.8484848484848485,0.8209366391184574,0.8713450292397661,0.7760416666666666,0.8686868686868687,0.8333333333333334,0.9071729957805907
1,0.8484848484848485,0.8686868686868687,0.8333333333333334,0.9071729957805907,0.8686868686868687,0.8333333333333334,0.9071729957805907
