,accuracy,f1,precision,recall,binary_f1,binary_precision,binary_recall
0,0.8368298368298368,0.7976878612716763,0.8961038961038961,0.71875,0.86328125,0.8036363636363636,0.9324894514767933
1,0.8368298368298368,0.86328125,0.8036363636363636,0.9324894514767933,0.86328125,0.8036363636363636,0.9324894514767933
