,accuracy,f1,precision,recall,binary_f1,binary_precision,binary_recall
0,0.8275058275058275,0.8102564102564104,0.797979797979798,0.8229166666666666,0.8418803418803418,0.8528138528138528,0.8312236286919831
1,0.8275058275058275,0.8418803418803418,0.8528138528138528,0.8312236286919831,0.8418803418803418,0.8528138528138528,0.8312236286919831
