,accuracy,f1,precision,recall,binary_f1,binary_precision,binary_recall
0,0.8685939553219448,0.869109947643979,0.8341708542713567,0.907103825136612,0.8680738786279683,0.90633608815427,0.8329113924050633
1,0.8685939553219448,0.8680738786279683,0.90633608815427,0.8329113924050633,0.8680738786279683,0.90633608815427,0.8329113924050633
