,accuracy,f1,precision,recall,binary_f1,binary_precision,binary_recall
0,0.7715617715617715,0.6956521739130436,0.8615384615384616,0.5833333333333334,0.8171641791044776,0.7324414715719063,0.9240506329113924
1,0.7715617715617715,0.8171641791044776,0.7324414715719063,0.9240506329113924,0.8171641791044776,0.7324414715719063,0.9240506329113924
