,accuracy,f1,precision,recall,binary_f1,binary_precision,binary_recall
0,0.8321678321678322,0.8032786885245901,0.8448275862068966,0.765625,0.8536585365853657,0.8235294117647058,0.8860759493670886
1,0.8321678321678322,0.8536585365853657,0.8235294117647058,0.8860759493670886,0.8536585365853657,0.8235294117647058,0.8860759493670886
