,accuracy,f1,precision,recall,binary_f1,binary_precision,binary_recall
0,0.9053876478318003,0.8997214484679665,0.9176136363636364,0.8825136612021858,0.9104477611940299,0.8948655256723717,0.9265822784810127
1,0.9053876478318003,0.9104477611940299,0.8948655256723717,0.9265822784810127,0.9104477611940299,0.8948655256723717,0.9265822784810127
