,accuracy,f1,precision,recall,binary_f1,binary_precision,binary_recall
0,0.8298368298368298,0.8032345013477089,0.8324022346368715,0.7760416666666666,0.8501026694045174,0.828,0.8734177215189873
1,0.8298368298368298,0.8501026694045174,0.828,0.8734177215189873,0.8501026694045174,0.828,0.8734177215189873
