,accuracy,f1,precision,recall,binary_f1,binary_precision,binary_recall
0,0.8461538461538461,0.8216216216216217,0.8539325842696629,0.7916666666666666,0.8647540983606556,0.8406374501992032,0.890295358649789
1,0.8461538461538461,0.8647540983606556,0.8406374501992032,0.890295358649789,0.8647540983606556,0.8406374501992032,0.890295358649789
