,accuracy,f1,precision,recall,binary_f1,binary_precision,binary_recall
0,0.8321678321678322,0.7942857142857144,0.879746835443038,0.7239583333333334,0.858267716535433,0.8044280442804428,0.919831223628692
1,0.8321678321678322,0.858267716535433,0.8044280442804428,0.919831223628692,0.858267716535433,0.8044280442804428,0.919831223628692
