,accuracy,f1,precision,recall,binary_f1,binary_precision,binary_recall
0,0.8251748251748252,0.8148148148148148,0.7746478873239436,0.859375,0.8344370860927153,0.875,0.7974683544303798
1,0.8251748251748252,0.8344370860927153,0.875,0.7974683544303798,0.8344370860927153,0.875,0.7974683544303798
