,accuracy,f1,precision,recall,binary_f1,binary_precision,binary_recall
0,0.8528252299605782,0.8465753424657534,0.8489010989010989,0.8442622950819673,0.8585858585858587,0.8564231738035264,0.8607594936708861
1,0.8528252299605782,0.8585858585858587,0.8564231738035264,0.8607594936708861,0.8585858585858587,0.8564231738035264,0.8607594936708861
