,accuracy,f1,precision,recall,binary_f1,binary_precision,binary_recall
0,0.8414918414918415,0.8238341968911918,0.8195876288659794,0.828125,0.8559322033898306,0.8595744680851064,0.8523206751054853
1,0.8414918414918415,0.8559322033898306,0.8595744680851064,0.8523206751054853,0.8559322033898306,0.8595744680851064,0.8523206751054853
