,accuracy,f1,precision,recall,binary_f1,binary_precision,binary_recall
0,0.8578088578088578,0.8346883468834689,0.8700564971751412,0.8020833333333334,0.8752556237218814,0.8492063492063492,0.9029535864978903
1,0.8578088578088578,0.8752556237218814,0.8492063492063492,0.9029535864978903,0.8752556237218814,0.8492063492063492,0.9029535864978903
