,accuracy,f1,precision,recall,binary_f1,binary_precision,binary_recall
0,0.8298368298368298,0.7871720116618076,0.8940397350993378,0.703125,0.858252427184466,0.7949640287769785,0.9324894514767933
1,0.8298368298368298,0.858252427184466,0.7949640287769785,0.9324894514767933,0.858252427184466,0.7949640287769785,0.9324894514767933
