,accuracy,f1,precision,recall,binary_f1,binary_precision,binary_recall
0,0.8834498834498834,0.8711340206185568,0.8622448979591837,0.8802083333333334,0.8936170212765958,0.9012875536480687,0.8860759493670886
1,0.8834498834498834,0.8936170212765958,0.9012875536480687,0.8860759493670886,0.8936170212765958,0.9012875536480687,0.8860759493670886
