,accuracy,f1,precision,recall,binary_f1,binary_precision,binary_recall
0,0.9303547963206308,0.9284750337381916,0.9173333333333333,0.9398907103825137,0.9321382842509602,0.9430051813471503,0.9215189873417722
1,0.9303547963206308,0.9321382842509602,0.9430051813471503,0.9215189873417722,0.9321382842509602,0.9430051813471503,0.9215189873417722
