,accuracy,f1,precision,recall,binary_f1,binary_precision,binary_recall
0,0.7738927738927739,0.6860841423948221,0.905982905982906,0.5520833333333334,0.8233151183970857,0.7243589743589743,0.9535864978902954
1,0.7738927738927739,0.8233151183970857,0.7243589743589743,0.9535864978902954,0.8233151183970857,0.7243589743589743,0.9535864978902954
