,accuracy,f1,precision,recall,binary_f1,binary_precision,binary_recall
0,0.7963206307490145,0.7359454855195912,0.9773755656108597,0.5901639344262295,0.8342245989304813,0.7222222222222222,0.9873417721518988
1,0.7963206307490145,0.8342245989304813,0.7222222222222222,0.9873417721518988,0.8342245989304813,0.7222222222222222,0.9873417721518988
