,accuracy,f1,precision,recall,binary_f1,binary_precision,binary_recall
0,0.8601398601398601,0.8369565217391305,0.875,0.8020833333333334,0.8775510204081632,0.849802371541502,0.9071729957805907
1,0.8601398601398601,0.8775510204081632,0.849802371541502,0.9071729957805907,0.8775510204081632,0.849802371541502,0.9071729957805907
