,accuracy,f1,precision,recall,binary_f1,binary_precision,binary_recall
0,0.9159001314060446,0.9123287671232876,0.9148351648351648,0.9098360655737705,0.9191919191919192,0.9168765743073047,0.9215189873417722
1,0.9159001314060446,0.9191919191919192,0.9168765743073047,0.9215189873417722,0.9191919191919192,0.9168765743073047,0.9215189873417722
