,accuracy,f1,precision,recall,binary_f1,binary_precision,binary_recall
0,0.8111888111888111,0.7624633431085044,0.87248322147651,0.6770833333333334,0.8433268858800774,0.7785714285714286,0.919831223628692
1,0.8111888111888111,0.8433268858800774,0.7785714285714286,0.919831223628692,0.8433268858800774,0.7785714285714286,0.919831223628692
