,accuracy,f1,precision,recall,binary_f1,binary_precision,binary_recall
0,0.8275058275058275,0.7797619047619047,0.9097222222222222,0.6822916666666666,0.8582375478927203,0.7859649122807018,0.9451476793248945
1,0.8275058275058275,0.8582375478927203,0.7859649122807018,0.9451476793248945,0.8582375478927203,0.7859649122807018,0.9451476793248945
