,accuracy,f1,precision,recall,binary_f1,binary_precision,binary_recall
0,0.8344988344988346,0.7953890489913545,0.8903225806451613,0.71875,0.8610567514677104,0.8029197080291971,0.9282700421940928
1,0.8344988344988346,0.8610567514677104,0.8029197080291971,0.9282700421940928,0.8610567514677104,0.8029197080291971,0.9282700421940928
