,accuracy,f1,precision,recall,binary_f1,binary_precision,binary_recall
0,0.7925407925407926,0.7769423558897243,0.748792270531401,0.8072916666666666,0.8061002178649238,0.8333333333333334,0.7805907172995781
1,0.7925407925407926,0.8061002178649238,0.8333333333333334,0.7805907172995781,0.8061002178649238,0.8333333333333334,0.7805907172995781
