,accuracy,f1,precision,recall,binary_f1,binary_precision,binary_recall
0,0.7925407925407926,0.7327327327327328,0.8652482269503546,0.6354166666666666,0.8304761904761905,0.7569444444444444,0.919831223628692
1,0.7925407925407926,0.8304761904761905,0.7569444444444444,0.919831223628692,0.8304761904761905,0.7569444444444444,0.919831223628692
