,accuracy,f1,precision,recall,binary_f1,binary_precision,binary_recall
0,0.8414918414918415,0.8089887640449439,0.8780487804878049,0.75,0.8645418326693226,0.8188679245283019,0.9156118143459916
1,0.8414918414918415,0.8645418326693226,0.8188679245283019,0.9156118143459916,0.8645418326693226,0.8188679245283019,0.9156118143459916
