,accuracy,f1,precision,recall,binary_f1,binary_precision,binary_recall
0,0.7902097902097902,0.742857142857143,0.8227848101265823,0.6770833333333334,0.8228346456692913,0.7712177121771218,0.8818565400843882
1,0.7902097902097902,0.8228346456692913,0.7712177121771218,0.8818565400843882,0.8228346456692913,0.7712177121771218,0.8818565400843882
