,accuracy,f1,precision,recall,binary_f1,binary_precision,binary_recall
0,0.9014454664914586,0.8945147679324895,0.9217391304347826,0.8688524590163934,0.907521578298397,0.8846153846153846,0.9316455696202531
1,0.9014454664914586,0.907521578298397,0.8846153846153846,0.9316455696202531,0.907521578298397,0.8846153846153846,0.9316455696202531
