,accuracy,f1,precision,recall,binary_f1,binary_precision,binary_recall
0,0.8205128205128205,0.7673716012084593,0.9136690647482014,0.6614583333333334,0.8538899430740039,0.7758620689655172,0.9493670886075949
1,0.8205128205128205,0.8538899430740039,0.7758620689655172,0.9493670886075949,0.8538899430740039,0.7758620689655172,0.9493670886075949
