,accuracy,f1,precision,recall,binary_f1,binary_precision,binary_recall
0,0.8717948717948718,0.8525469168900803,0.8784530386740331,0.828125,0.8865979381443299,0.8669354838709677,0.9071729957805907
1,0.8717948717948718,0.8865979381443299,0.8669354838709677,0.9071729957805907,0.8865979381443299,0.8669354838709677,0.9071729957805907
