,accuracy,f1,precision,recall,binary_f1,binary_precision,binary_recall
0,0.8298368298368298,0.7807807807807808,0.9219858156028369,0.6770833333333334,0.8609523809523809,0.7847222222222222,0.9535864978902954
1,0.8298368298368298,0.8609523809523809,0.7847222222222222,0.9535864978902954,0.8609523809523809,0.7847222222222222,0.9535864978902954
