,accuracy,f1,precision,recall,binary_f1,binary_precision,binary_recall
0,0.8475689881734559,0.8193146417445483,0.9528985507246377,0.7185792349726776,0.8681818181818182,0.7876288659793814,0.9670886075949368
1,0.8475689881734559,0.8681818181818182,0.7876288659793814,0.9670886075949368,0.8681818181818182,0.7876288659793814,0.9670886075949368
