,accuracy,f1,precision,recall,binary_f1,binary_precision,binary_recall
0,0.8344988344988346,0.7905604719764012,0.9115646258503401,0.6979166666666666,0.8631984585741812,0.7943262411347518,0.9451476793248945
1,0.8344988344988346,0.8631984585741812,0.7943262411347518,0.9451476793248945,0.8631984585741812,0.7943262411347518,0.9451476793248945
