,accuracy,f1,precision,recall,binary_f1,binary_precision,binary_recall
0,0.8344988344988346,0.7977207977207976,0.8805031446540881,0.7291666666666666,0.8599605522682446,0.8074074074074075,0.919831223628692
1,0.8344988344988346,0.8599605522682446,0.8074074074074075,0.919831223628692,0.8599605522682446,0.8074074074074075,0.919831223628692
