,accuracy,f1,precision,recall,binary_f1,binary_precision,binary_recall
0,0.7645687645687645,0.6622073578595318,0.9252336448598131,0.515625,0.8193202146690518,0.7111801242236024,0.9662447257383966
1,0.7645687645687645,0.8193202146690518,0.7111801242236024,0.9662447257383966,0.8193202146690518,0.7111801242236024,0.9662447257383966
