,accuracy,f1,precision,recall,binary_f1,binary_precision,binary_recall
0,0.8624708624708625,0.8467532467532467,0.844559585492228,0.8489583333333334,0.875264270613108,0.8771186440677966,0.8734177215189873
1,0.8624708624708625,0.875264270613108,0.8771186440677966,0.8734177215189873,0.875264270613108,0.8771186440677966,0.8734177215189873
