,accuracy,f1,precision,recall,binary_f1,binary_precision,binary_recall
0,0.7995337995337995,0.7485380116959064,0.8533333333333334,0.6666666666666666,0.8333333333333334,0.7706093189964157,0.9071729957805907
1,0.7995337995337995,0.8333333333333334,0.7706093189964157,0.9071729957805907,0.8333333333333334,0.7706093189964157,0.9071729957805907
