,accuracy,f1,precision,recall,binary_f1,binary_precision,binary_recall
0,0.8648018648018648,0.8440860215053763,0.8722222222222222,0.8177083333333334,0.8806584362139916,0.8594377510040161,0.9029535864978903
1,0.8648018648018648,0.8806584362139916,0.8594377510040161,0.9029535864978903,0.8806584362139916,0.8594377510040161,0.9029535864978903
