,accuracy,f1,precision,recall,binary_f1,binary_precision,binary_recall
0,0.8111888111888111,0.7638483965014577,0.8675496688741722,0.6822916666666666,0.8427184466019417,0.7805755395683454,0.9156118143459916
1,0.8111888111888111,0.8427184466019417,0.7805755395683454,0.9156118143459916,0.8427184466019417,0.7805755395683454,0.9156118143459916
