,accuracy,f1,precision,recall,binary_f1,binary_precision,binary_recall
0,0.8671328671328671,0.8446866485013624,0.8857142857142857,0.8072916666666666,0.8839103869653768,0.8543307086614174,0.9156118143459916
1,0.8671328671328671,0.8839103869653768,0.8543307086614174,0.9156118143459916,0.8839103869653768,0.8543307086614174,0.9156118143459916
