,accuracy,f1,precision,recall,binary_f1,binary_precision,binary_recall
0,0.8181818181818182,0.7745664739884393,0.8701298701298701,0.6979166666666666,0.8476562499999999,0.7890909090909091,0.9156118143459916
1,0.8181818181818182,0.8476562499999999,0.7890909090909091,0.9156118143459916,0.8476562499999999,0.7890909090909091,0.9156118143459916
