,accuracy,f1,precision,recall,binary_f1,binary_precision,binary_recall
0,0.8528252299605782,0.8338278931750742,0.9123376623376623,0.76775956284153,0.8679245283018868,0.8123620309050773,0.9316455696202531
1,0.8528252299605782,0.8679245283018868,0.8123620309050773,0.9316455696202531,0.8679245283018868,0.8123620309050773,0.9316455696202531
