,accuracy,f1,precision,recall,binary_f1,binary_precision,binary_recall
0,0.8461538461538461,0.810344827586207,0.9038461538461539,0.734375,0.8705882352941177,0.8131868131868132,0.9367088607594937
1,0.8461538461538461,0.8705882352941177,0.8131868131868132,0.9367088607594937,0.8705882352941177,0.8131868131868132,0.9367088607594937
