,accuracy,f1,precision,recall,binary_f1,binary_precision,binary_recall
0,0.8065268065268065,0.7477203647416414,0.8978102189781022,0.640625,0.8431001890359169,0.7636986301369864,0.9409282700421941
1,0.8065268065268065,0.8431001890359169,0.7636986301369864,0.9409282700421941,0.8431001890359169,0.7636986301369864,0.9409282700421941
