,accuracy,f1,precision,recall,binary_f1,binary_precision,binary_recall
0,0.8344988344988346,0.793002915451895,0.9006622516556292,0.7083333333333334,0.8621359223300971,0.7985611510791367,0.9367088607594937
1,0.8344988344988346,0.8621359223300971,0.7985611510791367,0.9367088607594937,0.8621359223300971,0.7985611510791367,0.9367088607594937
