,accuracy,f1,precision,recall,binary_f1,binary_precision,binary_recall
0,0.8508158508158508,0.8279569892473118,0.8555555555555555,0.8020833333333334,0.8683127572016462,0.8473895582329317,0.890295358649789
1,0.8508158508158508,0.8683127572016462,0.8473895582329317,0.890295358649789,0.8683127572016462,0.8473895582329317,0.890295358649789
