,accuracy,f1,precision,recall,binary_f1,binary_precision,binary_recall
0,0.8624708624708625,0.8491048593350384,0.8341708542713567,0.8645833333333334,0.8736616702355462,0.8869565217391304,0.8607594936708861
1,0.8624708624708625,0.8736616702355462,0.8869565217391304,0.8607594936708861,0.8736616702355462,0.8869565217391304,0.8607594936708861
