,accuracy,f1,precision,recall,binary_f1,binary_precision,binary_recall
0,0.8228438228438228,0.7923497267759563,0.8333333333333334,0.7552083333333334,0.8455284552845528,0.8156862745098039,0.8776371308016878
1,0.8228438228438228,0.8455284552845528,0.8156862745098039,0.8776371308016878,0.8455284552845528,0.8156862745098039,0.8776371308016878
