,accuracy,f1,precision,recall,binary_f1,binary_precision,binary_recall
0,0.8438228438228438,0.8057971014492753,0.9084967320261438,0.7239583333333334,0.8693957115009747,0.8079710144927537,0.9409282700421941
1,0.8438228438228438,0.8693957115009747,0.8079710144927537,0.9409282700421941,0.8693957115009747,0.8079710144927537,0.9409282700421941
