,accuracy,f1,precision,recall,binary_f1,binary_precision,binary_recall
0,0.8515111695137977,0.8274809160305343,0.9377162629757786,0.7404371584699454,0.8696655132641291,0.798728813559322,0.9544303797468354
1,0.8515111695137977,0.8696655132641291,0.798728813559322,0.9544303797468354,0.8696655132641291,0.798728813559322,0.9544303797468354
