,accuracy,f1,precision,recall,binary_f1,binary_precision,binary_recall
0,0.8554778554778555,0.8351063829787235,0.8532608695652174,0.8177083333333334,0.8713692946058091,0.8571428571428571,0.8860759493670886
1,0.8554778554778555,0.8713692946058091,0.8571428571428571,0.8860759493670886,0.8713692946058091,0.8571428571428571,0.8860759493670886
