,accuracy,f1,precision,recall,binary_f1,binary_precision,binary_recall
0,0.8648018648018648,0.8505154639175259,0.8418367346938775,0.859375,0.876595744680851,0.8841201716738197,0.869198312236287
1,0.8648018648018648,0.876595744680851,0.8841201716738197,0.869198312236287,0.876595744680851,0.8841201716738197,0.869198312236287
