,accuracy,f1,precision,recall,binary_f1,binary_precision,binary_recall
0,0.9014454664914586,0.8982360922659431,0.8921832884097035,0.9043715846994536,0.9044585987261147,0.9102564102564102,0.8987341772151899
1,0.9014454664914586,0.9044585987261147,0.9102564102564102,0.8987341772151899,0.9044585987261147,0.9102564102564102,0.8987341772151899
