,accuracy,f1,precision,recall,binary_f1,binary_precision,binary_recall
0,0.9316688567674113,0.9293478260869565,0.9243243243243243,0.9344262295081968,0.9338422391857507,0.9386189258312021,0.9291139240506329
1,0.9316688567674113,0.9338422391857507,0.9386189258312021,0.9291139240506329,0.9338422391857507,0.9386189258312021,0.9291139240506329
