,accuracy,f1,precision,recall,binary_f1,binary_precision,binary_recall
0,0.8461538461538461,0.8146067415730337,0.8841463414634146,0.7552083333333334,0.8685258964143426,0.8226415094339623,0.919831223628692
1,0.8461538461538461,0.8685258964143426,0.8226415094339623,0.919831223628692,0.8685258964143426,0.8226415094339623,0.919831223628692
