,accuracy,f1,precision,recall,binary_f1,binary_precision,binary_recall
0,0.8531468531468531,0.8310991957104558,0.856353591160221,0.8072916666666666,0.8701030927835052,0.8508064516129032,0.890295358649789
1,0.8531468531468531,0.8701030927835052,0.8508064516129032,0.890295358649789,0.8701030927835052,0.8508064516129032,0.890295358649789
