,accuracy,f1,precision,recall,binary_f1,binary_precision,binary_recall
0,0.8804204993429697,0.8866749688667497,0.8146453089244852,0.9726775956284153,0.8734353268428372,0.9691358024691358,0.7949367088607595
1,0.8804204993429697,0.8734353268428372,0.9691358024691358,0.7949367088607595,0.8734353268428372,0.9691358024691358,0.7949367088607595
