,accuracy,f1,precision,recall,binary_f1,binary_precision,binary_recall
0,0.8205128205128205,0.8221709006928406,0.7385892116182573,0.9270833333333334,0.8188235294117646,0.925531914893617,0.7341772151898734
1,0.8205128205128205,0.8188235294117646,0.925531914893617,0.7341772151898734,0.8188235294117646,0.925531914893617,0.7341772151898734
