,accuracy,f1,precision,recall,binary_f1,binary_precision,binary_recall
0,0.873850197109067,0.8527607361963191,0.972027972027972,0.7595628415300546,0.8896551724137932,0.8147368421052632,0.979746835443038
1,0.873850197109067,0.8896551724137932,0.8147368421052632,0.979746835443038,0.8896551724137932,0.8147368421052632,0.979746835443038
