,accuracy,f1,precision,recall,binary_f1,binary_precision,binary_recall
0,0.7902097902097902,0.7204968944099378,0.8923076923076924,0.6041666666666666,0.832089552238806,0.745819397993311,0.9409282700421941
1,0.7902097902097902,0.832089552238806,0.745819397993311,0.9409282700421941,0.832089552238806,0.745819397993311,0.9409282700421941
