,accuracy,f1,precision,recall,binary_f1,binary_precision,binary_recall
0,0.8741258741258742,0.8578947368421053,0.8670212765957447,0.8489583333333334,0.8870292887029289,0.8796680497925311,0.8945147679324894
1,0.8741258741258742,0.8870292887029289,0.8796680497925311,0.8945147679324894,0.8870292887029289,0.8796680497925311,0.8945147679324894
