,accuracy,f1,precision,recall,binary_f1,binary_precision,binary_recall
0,0.835742444152431,0.8185776487663279,0.8730650154798761,0.7704918032786885,0.8499399759903962,0.8082191780821918,0.8962025316455696
1,0.835742444152431,0.8499399759903962,0.8082191780821918,0.8962025316455696,0.8499399759903962,0.8082191780821918,0.8962025316455696
