,accuracy,f1,precision,recall,binary_f1,binary_precision,binary_recall
0,0.8135198135198135,0.7790055248618785,0.8294117647058824,0.734375,0.8387096774193549,0.803088803088803,0.8776371308016878
1,0.8135198135198135,0.8387096774193549,0.803088803088803,0.8776371308016878,0.8387096774193549,0.803088803088803,0.8776371308016878
