,accuracy,f1,precision,recall,binary_f1,binary_precision,binary_recall
0,0.8158508158508159,0.8123515439429928,0.7467248908296943,0.890625,0.8192219679633869,0.895,0.7552742616033755
1,0.8158508158508159,0.8192219679633869,0.895,0.7552742616033755,0.8192219679633869,0.895,0.7552742616033755
