,accuracy,f1,precision,recall,binary_f1,binary_precision,binary_recall
0,0.8648018648018648,0.8457446808510638,0.8641304347826086,0.828125,0.8796680497925312,0.8653061224489796,0.8945147679324894
1,0.8648018648018648,0.8796680497925312,0.8653061224489796,0.8945147679324894,0.8796680497925312,0.8653061224489796,0.8945147679324894
