,accuracy,f1,precision,recall,binary_f1,binary_precision,binary_recall
0,0.8344988344988346,0.7942028985507247,0.8954248366013072,0.7135416666666666,0.8615984405458089,0.8007246376811594,0.9324894514767933
1,0.8344988344988346,0.8615984405458089,0.8007246376811594,0.9324894514767933,0.8615984405458089,0.8007246376811594,0.9324894514767933
