,accuracy,f1,precision,recall,binary_f1,binary_precision,binary_recall
0,0.8291721419185283,0.7993827160493827,0.9184397163120568,0.7076502732240437,0.851258581235698,0.7766179540709812,0.9417721518987342
1,0.8291721419185283,0.851258581235698,0.7766179540709812,0.9417721518987342,0.851258581235698,0.7766179540709812,0.9417721518987342
