,accuracy,f1,precision,recall,binary_f1,binary_precision,binary_recall
0,0.8607095926412615,0.8502824858757062,0.8801169590643275,0.8224043715846995,0.8697788697788698,0.8448687350835322,0.8962025316455696
1,0.8607095926412615,0.8697788697788698,0.8448687350835322,0.8962025316455696,0.8697788697788698,0.8448687350835322,0.8962025316455696
