,accuracy,f1,precision,recall,binary_f1,binary_precision,binary_recall
0,0.8181818181818182,0.7857142857142857,0.8313953488372093,0.7447916666666666,0.8421052631578947,0.8093385214007782,0.8776371308016878
1,0.8181818181818182,0.8421052631578947,0.8093385214007782,0.8776371308016878,0.8421052631578947,0.8093385214007782,0.8776371308016878
