,accuracy,f1,precision,recall,binary_f1,binary_precision,binary_recall
0,0.8111888111888111,0.7874015748031497,0.7936507936507936,0.78125,0.8301886792452831,0.825,0.8354430379746836
1,0.8111888111888111,0.8301886792452831,0.825,0.8354430379746836,0.8301886792452831,0.825,0.8354430379746836
