,accuracy,f1,precision,recall,binary_f1,binary_precision,binary_recall
0,0.8344988344988346,0.8033240997229917,0.8579881656804734,0.7552083333333334,0.8571428571428571,0.8192307692307692,0.8987341772151899
1,0.8344988344988346,0.8571428571428571,0.8192307692307692,0.8987341772151899,0.8571428571428571,0.8192307692307692,0.8987341772151899
