,accuracy,f1,precision,recall,binary_f1,binary_precision,binary_recall
0,0.8541392904073587,0.8416547788873038,0.8805970149253731,0.8060109289617486,0.8647990255785628,0.8333333333333334,0.8987341772151899
1,0.8541392904073587,0.8647990255785628,0.8333333333333334,0.8987341772151899,0.8647990255785628,0.8333333333333334,0.8987341772151899
