,accuracy,f1,precision,recall,binary_f1,binary_precision,binary_recall
0,0.8438228438228438,0.8174386920980925,0.8571428571428571,0.78125,0.8635437881873727,0.8346456692913385,0.8945147679324894
1,0.8438228438228438,0.8635437881873727,0.8346456692913385,0.8945147679324894,0.8635437881873727,0.8346456692913385,0.8945147679324894
