,accuracy,f1,precision,recall,binary_f1,binary_precision,binary_recall
0,0.8787878787878788,0.8652849740932643,0.8608247422680413,0.8697916666666666,0.8898305084745761,0.8936170212765957,0.8860759493670886
1,0.8787878787878788,0.8898305084745761,0.8936170212765957,0.8860759493670886,0.8898305084745761,0.8936170212765957,0.8860759493670886
