,accuracy,f1,precision,recall,binary_f1,binary_precision,binary_recall
0,0.8251748251748252,0.7800586510263929,0.8926174496644296,0.6927083333333334,0.8549323017408124,0.7892857142857143,0.9324894514767933
1,0.8251748251748252,0.8549323017408124,0.7892857142857143,0.9324894514767933,0.8549323017408124,0.7892857142857143,0.9324894514767933
