,accuracy,f1,precision,recall,binary_f1,binary_precision,binary_recall
0,0.9159001314060446,0.9106145251396648,0.9314285714285714,0.8907103825136612,0.9205955334987593,0.902676399026764,0.9392405063291139
1,0.9159001314060446,0.9205955334987593,0.902676399026764,0.9392405063291139,0.9205955334987593,0.902676399026764,0.9392405063291139
