,accuracy,f1,precision,recall,binary_f1,binary_precision,binary_recall
0,0.8508158508158508,0.8202247191011235,0.8902439024390244,0.7604166666666666,0.8725099601593626,0.8264150943396227,0.9240506329113924
1,0.8508158508158508,0.8725099601593626,0.8264150943396227,0.9240506329113924,0.8725099601593626,0.8264150943396227,0.9240506329113924
