,accuracy,f1,precision,recall,binary_f1,binary_precision,binary_recall
0,0.8321678321678322,0.8064516129032259,0.8333333333333334,0.78125,0.8518518518518519,0.8313253012048193,0.8734177215189873
1,0.8321678321678322,0.8518518518518519,0.8313253012048193,0.8734177215189873,0.8518518518518519,0.8313253012048193,0.8734177215189873
