,accuracy,f1,precision,recall,binary_f1,binary_precision,binary_recall
0,0.873850197109067,0.8647887323943663,0.8924418604651163,0.8387978142076503,0.8817733990147782,0.8585131894484412,0.9063291139240506
1,0.873850197109067,0.8817733990147782,0.8585131894484412,0.9063291139240506,0.8817733990147782,0.8585131894484412,0.9063291139240506
