,accuracy,f1,precision,recall,binary_f1,binary_precision,binary_recall
0,0.8694638694638694,0.8486486486486486,0.8820224719101124,0.8177083333333334,0.8852459016393442,0.8605577689243028,0.9113924050632911
1,0.8694638694638694,0.8852459016393442,0.8605577689243028,0.9113924050632911,0.8852459016393442,0.8605577689243028,0.9113924050632911
