,accuracy,f1,precision,recall,binary_f1,binary_precision,binary_recall
0,0.8391608391608392,0.816,0.8360655737704918,0.796875,0.857142857142857,0.8414634146341463,0.8734177215189873
1,0.8391608391608392,0.857142857142857,0.8414634146341463,0.8734177215189873,0.857142857142857,0.8414634146341463,0.8734177215189873
