,accuracy,f1,precision,recall,binary_f1,binary_precision,binary_recall
0,0.7972027972027972,0.7549295774647887,0.8220858895705522,0.6979166666666666,0.827037773359841,0.7819548872180451,0.8776371308016878
1,0.7972027972027972,0.827037773359841,0.7819548872180451,0.8776371308016878,0.827037773359841,0.7819548872180451,0.8776371308016878
