,accuracy,f1,precision,recall,binary_f1,binary_precision,binary_recall
0,0.8672798948751642,0.857545839210155,0.8862973760932945,0.8306010928961749,0.8757687576875769,0.8516746411483254,0.9012658227848102
1,0.8672798948751642,0.8757687576875769,0.8516746411483254,0.9012658227848102,0.8757687576875769,0.8516746411483254,0.9012658227848102
