,accuracy,f1,precision,recall,binary_f1,binary_precision,binary_recall
0,0.8205128205128205,0.784313725490196,0.8484848484848485,0.7291666666666666,0.8463073852295409,0.803030303030303,0.8945147679324894
1,0.8205128205128205,0.8463073852295409,0.803030303030303,0.8945147679324894,0.8463073852295409,0.803030303030303,0.8945147679324894
