,accuracy,f1,precision,recall,binary_f1,binary_precision,binary_recall
0,0.8484848484848485,0.8311688311688311,0.8290155440414507,0.8333333333333334,0.8625792811839323,0.864406779661017,0.8607594936708861
1,0.8484848484848485,0.8625792811839323,0.864406779661017,0.8607594936708861,0.8625792811839323,0.864406779661017,0.8607594936708861
