,accuracy,f1,precision,recall,binary_f1,binary_precision,binary_recall
0,0.8088578088578089,0.7747252747252746,0.8197674418604651,0.734375,0.8340080971659919,0.8015564202334631,0.869198312236287
1,0.8088578088578089,0.8340080971659919,0.8015564202334631,0.869198312236287,0.8340080971659919,0.8015564202334631,0.869198312236287
