,accuracy,f1,precision,recall,binary_f1,binary_precision,binary_recall
0,0.8414918414918415,0.8131868131868132,0.8604651162790697,0.7708333333333334,0.8623481781376519,0.8287937743190662,0.8987341772151899
1,0.8414918414918415,0.8623481781376519,0.8287937743190662,0.8987341772151899,0.8623481781376519,0.8287937743190662,0.8987341772151899
