,accuracy,f1,precision,recall,binary_f1,binary_precision,binary_recall
0,0.9303547963206308,0.929427430093209,0.9064935064935065,0.953551912568306,0.9312581063553825,0.9547872340425532,0.9088607594936708
1,0.9303547963206308,0.9312581063553825,0.9547872340425532,0.9088607594936708,0.9312581063553825,0.9547872340425532,0.9088607594936708
