,accuracy,f1,precision,recall,binary_f1,binary_precision,binary_recall
0,0.8601398601398601,0.8461538461538461,0.8333333333333334,0.859375,0.8717948717948718,0.8831168831168831,0.8607594936708861
1,0.8601398601398601,0.8717948717948718,0.8831168831168831,0.8607594936708861,0.8717948717948718,0.8831168831168831,0.8607594936708861
