,accuracy,f1,precision,recall,binary_f1,binary_precision,binary_recall
0,0.9290407358738502,0.9272237196765498,0.9148936170212766,0.9398907103825137,0.9307692307692308,0.9428571428571428,0.9189873417721519
1,0.9290407358738502,0.9307692307692308,0.9428571428571428,0.9189873417721519,0.9307692307692308,0.9428571428571428,0.9189873417721519
