,accuracy,f1,precision,recall,binary_f1,binary_precision,binary_recall
0,0.8414918414918415,0.8172043010752689,0.8444444444444444,0.7916666666666666,0.860082304526749,0.8393574297188755,0.8818565400843882
1,0.8414918414918415,0.860082304526749,0.8393574297188755,0.8818565400843882,0.860082304526749,0.8393574297188755,0.8818565400843882
