,accuracy,f1,precision,recall,binary_f1,binary_precision,binary_recall
0,0.8554778554778555,0.8333333333333334,0.8611111111111112,0.8072916666666666,0.8724279835390946,0.8514056224899599,0.8945147679324894
1,0.8554778554778555,0.8724279835390946,0.8514056224899599,0.8945147679324894,0.8724279835390946,0.8514056224899599,0.8945147679324894
