,accuracy,f1,precision,recall,binary_f1,binary_precision,binary_recall
0,0.9053876478318003,0.9005524861878453,0.9106145251396648,0.8907103825136612,0.9097744360902255,0.9007444168734491,0.9189873417721519
1,0.9053876478318003,0.9097744360902255,0.9007444168734491,0.9189873417721519,0.9097744360902255,0.9007444168734491,0.9189873417721519
