,accuracy,f1,precision,recall,binary_f1,binary_precision,binary_recall
0,0.8228438228438228,0.7816091954022988,0.8717948717948718,0.7083333333333334,0.8509803921568627,0.7948717948717948,0.9156118143459916
1,0.8228438228438228,0.8509803921568627,0.7948717948717948,0.9156118143459916,0.8509803921568627,0.7948717948717948,0.9156118143459916
