,accuracy,f1,precision,recall,binary_f1,binary_precision,binary_recall
0,0.7645687645687645,0.6985074626865672,0.8181818181818182,0.609375,0.8068833652007648,0.7377622377622378,0.890295358649789
1,0.7645687645687645,0.8068833652007648,0.7377622377622378,0.890295358649789,0.8068833652007648,0.7377622377622378,0.890295358649789
