,accuracy,f1,precision,recall,binary_f1,binary_precision,binary_recall
0,0.8015768725361366,0.7673343605546996,0.8798586572438163,0.680327868852459,0.8270332187857963,0.7552301255230126,0.9139240506329114
1,0.8015768725361366,0.8270332187857963,0.7552301255230126,0.9139240506329114,0.8270332187857963,0.7552301255230126,0.9139240506329114
