,accuracy,f1,precision,recall,binary_f1,binary_precision,binary_recall
0,0.9316688567674113,0.9308510638297871,0.9067357512953368,0.9562841530054644,0.9324675324675324,0.9573333333333334,0.9088607594936708
1,0.9316688567674113,0.9324675324675324,0.9573333333333334,0.9088607594936708,0.9324675324675324,0.9573333333333334,0.9088607594936708
