,accuracy,f1,precision,recall,binary_f1,binary_precision,binary_recall
0,0.8578088578088578,0.8398950131233595,0.8465608465608465,0.8333333333333334,0.8721174004192873,0.8666666666666667,0.8776371308016878
1,0.8578088578088578,0.8721174004192873,0.8666666666666667,0.8776371308016878,0.8721174004192873,0.8666666666666667,0.8776371308016878
