,accuracy,f1,precision,recall,binary_f1,binary_precision,binary_recall
0,0.8578088578088578,0.8355795148247979,0.8659217877094972,0.8072916666666666,0.8747433264887063,0.852,0.8987341772151899
1,0.8578088578088578,0.8747433264887063,0.852,0.8987341772151899,0.8747433264887063,0.852,0.8987341772151899
