,accuracy,f1,precision,recall,binary_f1,binary_precision,binary_recall
0,0.9329829172141918,0.930232558139535,0.9315068493150684,0.9289617486338798,0.9355246523388117,0.9343434343434344,0.9367088607594937
1,0.9329829172141918,0.9355246523388117,0.9343434343434344,0.9367088607594937,0.9355246523388117,0.9343434343434344,0.9367088607594937
