,accuracy,f1,precision,recall,binary_f1,binary_precision,binary_recall
0,0.8671328671328671,0.8480000000000001,0.8688524590163934,0.828125,0.8819875776397516,0.8658536585365854,0.8987341772151899
1,0.8671328671328671,0.8819875776397516,0.8658536585365854,0.8987341772151899,0.8819875776397516,0.8658536585365854,0.8987341772151899
