,accuracy,f1,precision,recall,binary_f1,binary_precision,binary_recall
0,0.8671328671328671,0.8471849865951743,0.8729281767955801,0.8229166666666666,0.8824742268041237,0.8629032258064516,0.9029535864978903
1,0.8671328671328671,0.8824742268041237,0.8629032258064516,0.9029535864978903,0.8824742268041237,0.8629032258064516,0.9029535864978903
