,accuracy,f1,precision,recall,binary_f1,binary_precision,binary_recall
0,0.8158508158508159,0.8049382716049384,0.7652582159624414,0.8489583333333334,0.82560706401766,0.8657407407407407,0.7890295358649789
1,0.8158508158508159,0.82560706401766,0.8657407407407407,0.7890295358649789,0.82560706401766,0.8657407407407407,0.7890295358649789
