,accuracy,f1,precision,recall,binary_f1,binary_precision,binary_recall
0,0.8531468531468531,0.8328912466843502,0.8486486486486486,0.8177083333333334,0.869022869022869,0.8565573770491803,0.8818565400843882
1,0.8531468531468531,0.869022869022869,0.8565573770491803,0.8818565400843882,0.869022869022869,0.8565573770491803,0.8818565400843882
