,accuracy,f1,precision,recall,binary_f1,binary_precision,binary_recall
0,0.8391608391608392,0.7976539589442815,0.912751677852349,0.7083333333333334,0.8665377176015474,0.8,0.9451476793248945
1,0.8391608391608392,0.8665377176015474,0.8,0.9451476793248945,0.8665377176015474,0.8,0.9451476793248945
