,accuracy,f1,precision,recall,binary_f1,binary_precision,binary_recall
0,0.8147174770039421,0.7729468599033815,0.9411764705882353,0.6557377049180327,0.8435072142064374,0.7509881422924901,0.9620253164556962
1,0.8147174770039421,0.8435072142064374,0.7509881422924901,0.9620253164556962,0.8435072142064374,0.7509881422924901,0.9620253164556962
