,accuracy,f1,precision,recall,binary_f1,binary_precision,binary_recall
0,0.7972027972027972,0.7667560321715818,0.7900552486187845,0.7447916666666666,0.8206185567010309,0.8024193548387096,0.8396624472573839
1,0.7972027972027972,0.8206185567010309,0.8024193548387096,0.8396624472573839,0.8206185567010309,0.8024193548387096,0.8396624472573839
