,accuracy,f1,precision,recall,binary_f1,binary_precision,binary_recall
0,0.8601398601398601,0.8404255319148937,0.8586956521739131,0.8229166666666666,0.8755186721991701,0.8612244897959184,0.890295358649789
1,0.8601398601398601,0.8755186721991701,0.8612244897959184,0.890295358649789,0.8755186721991701,0.8612244897959184,0.890295358649789
