,accuracy,f1,precision,recall,binary_f1,binary_precision,binary_recall
0,0.8883048620236531,0.8827586206896552,0.8913649025069638,0.8743169398907104,0.8933500627352572,0.8855721393034826,0.9012658227848102
1,0.8883048620236531,0.8933500627352572,0.8855721393034826,0.9012658227848102,0.8933500627352572,0.8855721393034826,0.9012658227848102
