,accuracy,f1,precision,recall,binary_f1,binary_precision,binary_recall
0,0.8624708624708625,0.8392370572207085,0.88,0.8020833333333334,0.879837067209776,0.8503937007874016,0.9113924050632911
1,0.8624708624708625,0.879837067209776,0.8503937007874016,0.9113924050632911,0.879837067209776,0.8503937007874016,0.9113924050632911
