,accuracy,f1,precision,recall,binary_f1,binary_precision,binary_recall
0,0.9053876478318003,0.8988764044943819,0.9248554913294798,0.8743169398907104,0.9111111111111111,0.8891566265060241,0.9341772151898734
1,0.9053876478318003,0.9111111111111111,0.8891566265060241,0.9341772151898734,0.9111111111111111,0.8891566265060241,0.9341772151898734
