,accuracy,f1,precision,recall,binary_f1,binary_precision,binary_recall
0,0.923784494086728,0.9211956521739131,0.9162162162162162,0.9262295081967213,0.9262086513994912,0.9309462915601023,0.9215189873417722
1,0.923784494086728,0.9262086513994912,0.9309462915601023,0.9215189873417722,0.9262086513994912,0.9309462915601023,0.9215189873417722
