,accuracy,f1,precision,recall,binary_f1,binary_precision,binary_recall
0,0.8298368298368298,0.7977839335180057,0.8520710059171598,0.75,0.8531187122736418,0.8153846153846154,0.8945147679324894
1,0.8298368298368298,0.8531187122736418,0.8153846153846154,0.8945147679324894,0.8531187122736418,0.8153846153846154,0.8945147679324894
