,accuracy,f1,precision,recall,binary_f1,binary_precision,binary_recall
0,0.8508158508158508,0.8192090395480225,0.8950617283950617,0.7552083333333334,0.873015873015873,0.8239700374531835,0.9282700421940928
1,0.8508158508158508,0.873015873015873,0.8239700374531835,0.9282700421940928,0.873015873015873,0.8239700374531835,0.9282700421940928
