,accuracy,f1,precision,recall,binary_f1,binary_precision,binary_recall
0,0.871222076215506,0.8537313432835821,0.9407894736842105,0.7814207650273224,0.8849765258215962,0.824945295404814,0.9544303797468354
1,0.871222076215506,0.8849765258215962,0.824945295404814,0.9544303797468354,0.8849765258215962,0.824945295404814,0.9544303797468354
