,accuracy,f1,precision,recall,binary_f1,binary_precision,binary_recall
0,0.8869908015768725,0.8781869688385269,0.9117647058823529,0.8469945355191257,0.8946078431372548,0.8669833729216152,0.9240506329113924
1,0.8869908015768725,0.8946078431372548,0.8669833729216152,0.9240506329113924,0.8946078431372548,0.8669833729216152,0.9240506329113924
