,accuracy,f1,precision,recall,binary_f1,binary_precision,binary_recall
0,0.8601398601398601,0.8324022346368715,0.8975903614457831,0.7760416666666666,0.88,0.8365019011406845,0.9282700421940928
1,0.8601398601398601,0.88,0.8365019011406845,0.9282700421940928,0.88,0.8365019011406845,0.9282700421940928
