,accuracy,f1,precision,recall,binary_f1,binary_precision,binary_recall
0,0.8228438228438228,0.7764705882352941,0.8918918918918919,0.6875,0.8532818532818532,0.7864768683274022,0.9324894514767933
1,0.8228438228438228,0.8532818532818532,0.7864768683274022,0.9324894514767933,0.8532818532818532,0.7864768683274022,0.9324894514767933
