,accuracy,f1,precision,recall,binary_f1,binary_precision,binary_recall
0,0.8396846254927727,0.8157099697885197,0.9121621621621622,0.7377049180327869,0.8581395348837209,0.7935483870967742,0.9341772151898734
1,0.8396846254927727,0.8581395348837209,0.7935483870967742,0.9341772151898734,0.8581395348837209,0.7935483870967742,0.9341772151898734
