,accuracy,f1,precision,recall,binary_f1,binary_precision,binary_recall
0,0.8205128205128205,0.7806267806267807,0.8616352201257862,0.7135416666666666,0.8481262327416174,0.7962962962962963,0.9071729957805907
1,0.8205128205128205,0.8481262327416174,0.7962962962962963,0.9071729957805907,0.8481262327416174,0.7962962962962963,0.9071729957805907
