,accuracy,f1,precision,recall,binary_f1,binary_precision,binary_recall
0,0.8331143232588699,0.8145985401459853,0.8746081504702194,0.7622950819672131,0.8482676224611708,0.8031674208144797,0.8987341772151899
1,0.8331143232588699,0.8482676224611708,0.8031674208144797,0.8987341772151899,0.8482676224611708,0.8031674208144797,0.8987341772151899
