,accuracy,f1,precision,recall,binary_f1,binary_precision,binary_recall
0,0.8741258741258742,0.8586387434554975,0.8631578947368421,0.8541666666666666,0.8865546218487396,0.8828451882845189,0.890295358649789
1,0.8741258741258742,0.8865546218487396,0.8828451882845189,0.890295358649789,0.8865546218487396,0.8828451882845189,0.890295358649789
