,accuracy,f1,precision,recall,binary_f1,binary_precision,binary_recall
0,0.8601398601398601,0.8360655737704917,0.8793103448275862,0.796875,0.8780487804878048,0.8470588235294118,0.9113924050632911
1,0.8601398601398601,0.8780487804878048,0.8470588235294118,0.9113924050632911,0.8780487804878048,0.8470588235294118,0.9113924050632911
