,accuracy,f1,precision,recall,binary_f1,binary_precision,binary_recall
0,0.7715617715617715,0.6733333333333333,0.9351851851851852,0.5260416666666666,0.8243727598566308,0.7165109034267912,0.9704641350210971
1,0.7715617715617715,0.8243727598566308,0.7165109034267912,0.9704641350210971,0.8243727598566308,0.7165109034267912,0.9704641350210971
