,accuracy,f1,precision,recall,binary_f1,binary_precision,binary_recall
0,0.8601398601398601,0.8387096774193549,0.8666666666666667,0.8125,0.8765432098765433,0.8554216867469879,0.8987341772151899
1,0.8601398601398601,0.8765432098765433,0.8554216867469879,0.8987341772151899,0.8765432098765433,0.8554216867469879,0.8987341772151899
