,accuracy,f1,precision,recall,binary_f1,binary_precision,binary_recall
0,0.9316688567674113,0.929539295392954,0.9220430107526881,0.9371584699453552,0.9336734693877551,0.9408740359897172,0.9265822784810127
1,0.9316688567674113,0.9336734693877551,0.9408740359897172,0.9265822784810127,0.9336734693877551,0.9408740359897172,0.9265822784810127
