,accuracy,f1,precision,recall,binary_f1,binary_precision,binary_recall
0,0.8321678321678322,0.788235294117647,0.9054054054054054,0.6979166666666666,0.8610038610038611,0.7935943060498221,0.9409282700421941
1,0.8321678321678322,0.8610038610038611,0.7935943060498221,0.9409282700421941,0.8610038610038611,0.7935943060498221,0.9409282700421941
