,accuracy,f1,precision,recall,binary_f1,binary_precision,binary_recall
0,0.8344988344988346,0.8,0.8711656441717791,0.7395833333333334,0.8588469184890655,0.8120300751879699,0.9113924050632911
1,0.8344988344988346,0.8588469184890655,0.8120300751879699,0.9113924050632911,0.8588469184890655,0.8120300751879699,0.9113924050632911
