,accuracy,f1,precision,recall,binary_f1,binary_precision,binary_recall
0,0.8344988344988346,0.8022284122562673,0.8622754491017964,0.75,0.8577154308617234,0.816793893129771,0.9029535864978903
1,0.8344988344988346,0.8577154308617234,0.816793893129771,0.9029535864978903,0.8577154308617234,0.816793893129771,0.9029535864978903
