,accuracy,f1,precision,recall,binary_f1,binary_precision,binary_recall
0,0.8042049934296978,0.7725190839694657,0.8754325259515571,0.6912568306010929,0.8281430219146482,0.760593220338983,0.9088607594936708
1,0.8042049934296978,0.8281430219146482,0.760593220338983,0.9088607594936708,0.8281430219146482,0.760593220338983,0.9088607594936708
