,accuracy,f1,precision,recall,binary_f1,binary_precision,binary_recall
0,0.8531468531468531,0.8194842406876791,0.910828025477707,0.7447916666666666,0.8762278978388998,0.8198529411764706,0.9409282700421941
1,0.8531468531468531,0.8762278978388998,0.8198529411764706,0.9409282700421941,0.8762278978388998,0.8198529411764706,0.9409282700421941
