,accuracy,f1,precision,recall,binary_f1,binary_precision,binary_recall
0,0.8554778554778555,0.8342245989304812,0.8571428571428571,0.8125,0.871900826446281,0.854251012145749,0.890295358649789
1,0.8554778554778555,0.871900826446281,0.854251012145749,0.890295358649789,0.871900826446281,0.854251012145749,0.890295358649789
