,accuracy,f1,precision,recall,binary_f1,binary_precision,binary_recall
0,0.8554778554778555,0.8402061855670103,0.8316326530612245,0.8489583333333334,0.8680851063829788,0.8755364806866953,0.8607594936708861
1,0.8554778554778555,0.8680851063829788,0.8755364806866953,0.8607594936708861,0.8680851063829788,0.8755364806866953,0.8607594936708861
