,accuracy,f1,precision,recall,binary_f1,binary_precision,binary_recall
0,0.8508158508158508,0.8222222222222222,0.8809523809523809,0.7708333333333334,0.8714859437751005,0.8314176245210728,0.9156118143459916
1,0.8508158508158508,0.8714859437751005,0.8314176245210728,0.9156118143459916,0.8714859437751005,0.8314176245210728,0.9156118143459916
