,accuracy,f1,precision,recall,binary_f1,binary_precision,binary_recall
0,0.8205128205128205,0.7989556135770234,0.8010471204188482,0.796875,0.8378947368421054,0.8361344537815126,0.8396624472573839
1,0.8205128205128205,0.8378947368421054,0.8361344537815126,0.8396624472573839,0.8378947368421054,0.8361344537815126,0.8396624472573839
