,accuracy,f1,precision,recall,binary_f1,binary_precision,binary_recall
0,0.7995337995337995,0.7261146496815287,0.9344262295081968,0.59375,0.8419117647058824,0.745928338762215,0.9662447257383966
1,0.7995337995337995,0.8419117647058824,0.745928338762215,0.9662447257383966,0.8419117647058824,0.745928338762215,0.9662447257383966
