,accuracy,f1,precision,recall,binary_f1,binary_precision,binary_recall
0,0.7902097902097902,0.7352941176470588,0.8445945945945946,0.6510416666666666,0.8262548262548262,0.7615658362989324,0.9029535864978903
1,0.7902097902097902,0.8262548262548262,0.7615658362989324,0.9029535864978903,0.8262548262548262,0.7615658362989324,0.9029535864978903
