,accuracy,f1,precision,recall,binary_f1,binary_precision,binary_recall
0,0.7726675427069645,0.7249602543720189,0.8669201520912547,0.6229508196721312,0.8062709966405375,0.7228915662650602,0.9113924050632911
1,0.7726675427069645,0.8062709966405375,0.7228915662650602,0.9113924050632911,0.8062709966405375,0.7228915662650602,0.9113924050632911
