,accuracy,f1,precision,recall,binary_f1,binary_precision,binary_recall
0,0.7622377622377622,0.6554054054054055,0.9326923076923077,0.5052083333333334,0.8185053380782918,0.7076923076923077,0.9704641350210971
1,0.7622377622377622,0.8185053380782918,0.7076923076923077,0.9704641350210971,0.8185053380782918,0.7076923076923077,0.9704641350210971
