,accuracy,f1,precision,recall,binary_f1,binary_precision,binary_recall
0,0.8135198135198135,0.7546012269938651,0.917910447761194,0.640625,0.849624060150376,0.7661016949152543,0.9535864978902954
1,0.8135198135198135,0.849624060150376,0.7661016949152543,0.9535864978902954,0.849624060150376,0.7661016949152543,0.9535864978902954
