,accuracy,f1,precision,recall,binary_f1,binary_precision,binary_recall
0,0.8265440210249672,0.7884615384615384,0.9534883720930233,0.6721311475409836,0.8530066815144766,0.7614314115308151,0.9696202531645569
1,0.8265440210249672,0.8530066815144766,0.7614314115308151,0.9696202531645569,0.8530066815144766,0.7614314115308151,0.9696202531645569
