,accuracy,f1,precision,recall,binary_f1,binary_precision,binary_recall
0,0.8438228438228438,0.8250652741514359,0.8272251308900523,0.8229166666666666,0.8589473684210527,0.8571428571428571,0.8607594936708861
1,0.8438228438228438,0.8589473684210527,0.8571428571428571,0.8607594936708861,0.8589473684210527,0.8571428571428571,0.8607594936708861
