,accuracy,f1,precision,recall,binary_f1,binary_precision,binary_recall
0,0.8554778554778555,0.8359788359788359,0.8494623655913979,0.8229166666666666,0.8708333333333332,0.8600823045267489,0.8818565400843882
1,0.8554778554778555,0.8708333333333332,0.8600823045267489,0.8818565400843882,0.8708333333333332,0.8600823045267489,0.8818565400843882
