,accuracy,f1,precision,recall,binary_f1,binary_precision,binary_recall
0,0.8648018648018648,0.8489583333333334,0.8489583333333334,0.8489583333333334,0.8776371308016878,0.8776371308016878,0.8776371308016878
1,0.8648018648018648,0.8776371308016878,0.8776371308016878,0.8776371308016878,0.8776371308016878,0.8776371308016878,0.8776371308016878
