,accuracy,f1,precision,recall,binary_f1,binary_precision,binary_recall
0,0.8298368298368298,0.7896253602305475,0.8838709677419355,0.7135416666666666,0.8571428571428572,0.7992700729927007,0.9240506329113924
1,0.8298368298368298,0.8571428571428572,0.7992700729927007,0.9240506329113924,0.8571428571428572,0.7992700729927007,0.9240506329113924
