,accuracy,f1,precision,recall,binary_f1,binary_precision,binary_recall
0,0.8321678321678322,0.797752808988764,0.8658536585365854,0.7395833333333334,0.8565737051792829,0.8113207547169812,0.9071729957805907
1,0.8321678321678322,0.8565737051792829,0.8113207547169812,0.9071729957805907,0.8565737051792829,0.8113207547169812,0.9071729957805907
