,accuracy,f1,precision,recall,binary_f1,binary_precision,binary_recall
0,0.8321678321678322,0.8054054054054055,0.8370786516853933,0.7760416666666666,0.8524590163934427,0.8286852589641435,0.8776371308016878
1,0.8321678321678322,0.8524590163934427,0.8286852589641435,0.8776371308016878,0.8524590163934427,0.8286852589641435,0.8776371308016878
