,accuracy,f1,precision,recall,binary_f1,binary_precision,binary_recall
0,0.8624708624708625,0.8483290488431876,0.8375634517766497,0.859375,0.8742004264392323,0.8836206896551724,0.8649789029535865
1,0.8624708624708625,0.8742004264392323,0.8836206896551724,0.8649789029535865,0.8742004264392323,0.8836206896551724,0.8649789029535865
