,accuracy,f1,precision,recall,binary_f1,binary_precision,binary_recall
0,0.9106438896189225,0.9052924791086351,0.9232954545454546,0.8879781420765027,0.9154228855721392,0.8997555012224939,0.9316455696202531
1,0.9106438896189225,0.9154228855721392,0.8997555012224939,0.9316455696202531,0.9154228855721392,0.8997555012224939,0.9316455696202531
