,accuracy,f1,precision,recall,binary_f1,binary_precision,binary_recall
0,0.8787878787878788,0.8602150537634408,0.8888888888888888,0.8333333333333334,0.8930041152263375,0.8714859437751004,0.9156118143459916
1,0.8787878787878788,0.8930041152263375,0.8714859437751004,0.9156118143459916,0.8930041152263375,0.8714859437751004,0.9156118143459916
