,accuracy,f1,precision,recall,binary_f1,binary_precision,binary_recall
0,0.897503285151117,0.8879310344827586,0.9363636363636364,0.8442622950819673,0.9055690072639225,0.8677494199535963,0.9468354430379747
1,0.897503285151117,0.9055690072639225,0.8677494199535963,0.9468354430379747,0.9055690072639225,0.8677494199535963,0.9468354430379747
