,accuracy,f1,precision,recall,binary_f1,binary_precision,binary_recall
0,0.8391608391608392,0.8,0.9019607843137255,0.71875,0.8654970760233918,0.8043478260869565,0.9367088607594937
1,0.8391608391608392,0.8654970760233918,0.8043478260869565,0.9367088607594937,0.8654970760233918,0.8043478260869565,0.9367088607594937
