,accuracy,f1,precision,recall,binary_f1,binary_precision,binary_recall
0,0.8554778554778555,0.8208092485549133,0.922077922077922,0.7395833333333334,0.8789062500000001,0.8181818181818182,0.9493670886075949
1,0.8554778554778555,0.8789062500000001,0.8181818181818182,0.9493670886075949,0.8789062500000001,0.8181818181818182,0.9493670886075949
