,accuracy,f1,precision,recall,binary_f1,binary_precision,binary_recall
0,0.8484848484848485,0.8275862068965517,0.8432432432432433,0.8125,0.8648648648648648,0.8524590163934426,0.8776371308016878
1,0.8484848484848485,0.8648648648648648,0.8524590163934426,0.8776371308016878,0.8648648648648648,0.8524590163934426,0.8776371308016878
