,accuracy,f1,precision,recall,binary_f1,binary_precision,binary_recall
0,0.8830486202365309,0.878248974008208,0.8794520547945206,0.8770491803278688,0.8874841972187104,0.8863636363636364,0.8886075949367088
1,0.8830486202365309,0.8874841972187104,0.8863636363636364,0.8886075949367088,0.8874841972187104,0.8863636363636364,0.8886075949367088
