,accuracy,f1,precision,recall,binary_f1,binary_precision,binary_recall
0,0.8922470433639947,0.8838526912181303,0.9176470588235294,0.8524590163934426,0.8995098039215685,0.8717339667458432,0.9291139240506329
1,0.8922470433639947,0.8995098039215685,0.8717339667458432,0.9291139240506329,0.8995098039215685,0.8717339667458432,0.9291139240506329
