,accuracy,f1,precision,recall,binary_f1,binary_precision,binary_recall
0,0.8484848484848485,0.8158640226628896,0.8944099378881988,0.75,0.8712871287128713,0.8208955223880597,0.9282700421940928
1,0.8484848484848485,0.8712871287128713,0.8208955223880597,0.9282700421940928,0.8712871287128713,0.8208955223880597,0.9282700421940928
