,accuracy,f1,precision,recall,binary_f1,binary_precision,binary_recall
0,0.8344988344988346,0.8054794520547945,0.8497109826589595,0.765625,0.8559837728194726,0.82421875,0.890295358649789
1,0.8344988344988346,0.8559837728194726,0.82421875,0.890295358649789,0.8559837728194726,0.82421875,0.890295358649789
