,accuracy,f1,precision,recall,binary_f1,binary_precision,binary_recall
0,0.8515111695137977,0.8392603129445235,0.8753709198813057,0.8060109289617486,0.862026862026862,0.8325471698113207,0.8936708860759494
1,0.8515111695137977,0.862026862026862,0.8325471698113207,0.8936708860759494,0.862026862026862,0.8325471698113207,0.8936708860759494
