,accuracy,f1,precision,recall,binary_f1,binary_precision,binary_recall
0,0.8508158508158508,0.8288770053475936,0.8516483516483516,0.8072916666666666,0.8677685950413222,0.8502024291497976,0.8860759493670886
1,0.8508158508158508,0.8677685950413222,0.8502024291497976,0.8860759493670886,0.8677685950413222,0.8502024291497976,0.8860759493670886
