,accuracy,f1,precision,recall,binary_f1,binary_precision,binary_recall
0,0.8275058275058275,0.7897727272727273,0.86875,0.7239583333333334,0.8537549407114625,0.8029739776951673,0.9113924050632911
1,0.8275058275058275,0.8537549407114625,0.8029739776951673,0.9113924050632911,0.8537549407114625,0.8029739776951673,0.9113924050632911
