,accuracy,f1,precision,recall,binary_f1,binary_precision,binary_recall
0,0.8764568764568764,0.8571428571428571,0.888268156424581,0.828125,0.891170431211499,0.868,0.9156118143459916
1,0.8764568764568764,0.891170431211499,0.868,0.9156118143459916,0.891170431211499,0.868,0.9156118143459916
