,accuracy,f1,precision,recall,binary_f1,binary_precision,binary_recall
0,0.9290407358738502,0.9260273972602739,0.9285714285714286,0.9234972677595629,0.9318181818181818,0.929471032745592,0.9341772151898734
1,0.9290407358738502,0.9318181818181818,0.929471032745592,0.9341772151898734,0.9318181818181818,0.929471032745592,0.9341772151898734
