,accuracy,f1,precision,recall,binary_f1,binary_precision,binary_recall
0,0.8578088578088578,0.8381962864721485,0.8540540540540541,0.8229166666666666,0.8731808731808731,0.860655737704918,0.8860759493670886
1,0.8578088578088578,0.8731808731808731,0.860655737704918,0.8860759493670886,0.8731808731808731,0.860655737704918,0.8860759493670886
