,accuracy,f1,precision,recall,binary_f1,binary_precision,binary_recall
0,0.8694638694638694,0.8494623655913979,0.8777777777777778,0.8229166666666666,0.8847736625514403,0.8634538152610441,0.9071729957805907
1,0.8694638694638694,0.8847736625514403,0.8634538152610441,0.9071729957805907,0.8847736625514403,0.8634538152610441,0.9071729957805907
