,accuracy,f1,precision,recall,binary_f1,binary_precision,binary_recall
0,0.7365967365967366,0.6798866855524078,0.7453416149068323,0.625,0.7762376237623761,0.7313432835820896,0.8270042194092827
1,0.7365967365967366,0.7762376237623761,0.7313432835820896,0.8270042194092827,0.7762376237623761,0.7313432835820896,0.8270042194092827
