,accuracy,f1,precision,recall,binary_f1,binary_precision,binary_recall
0,0.7668997668997669,0.7023809523809524,0.8194444444444444,0.6145833333333334,0.8084291187739463,0.7403508771929824,0.890295358649789
1,0.7668997668997669,0.8084291187739463,0.7403508771929824,0.890295358649789,0.8084291187739463,0.7403508771929824,0.890295358649789
