,accuracy,f1,precision,recall,binary_f1,binary_precision,binary_recall
0,0.8028909329829172,0.7767857142857142,0.8529411764705882,0.7131147540983607,0.8235294117647058,0.7692307692307693,0.8860759493670886
1,0.8028909329829172,0.8235294117647058,0.7692307692307693,0.8860759493670886,0.8235294117647058,0.7692307692307693,0.8860759493670886
