,accuracy,f1,precision,recall,binary_f1,binary_precision,binary_recall
0,0.8438228438228438,0.8203753351206434,0.8453038674033149,0.796875,0.8618556701030927,0.842741935483871,0.8818565400843882
1,0.8438228438228438,0.8618556701030927,0.842741935483871,0.8818565400843882,0.8618556701030927,0.842741935483871,0.8818565400843882
