,accuracy,f1,precision,recall,binary_f1,binary_precision,binary_recall
0,0.9198423127463863,0.916780354706685,0.9155313351498637,0.9180327868852459,0.9226869455006338,0.9238578680203046,0.9215189873417722
1,0.9198423127463863,0.9226869455006338,0.9238578680203046,0.9215189873417722,0.9226869455006338,0.9238578680203046,0.9215189873417722
