,accuracy,f1,precision,recall,binary_f1,binary_precision,binary_recall
0,0.8370565045992115,0.82183908045977,0.8666666666666667,0.7814207650273224,0.8498789346246972,0.814385150812065,0.8886075949367088
1,0.8370565045992115,0.8498789346246972,0.814385150812065,0.8886075949367088,0.8498789346246972,0.814385150812065,0.8886075949367088
