,accuracy,f1,precision,recall,binary_f1,binary_precision,binary_recall
0,0.8065268065268065,0.760806916426513,0.8516129032258064,0.6875,0.837573385518591,0.781021897810219,0.9029535864978903
1,0.8065268065268065,0.837573385518591,0.781021897810219,0.9029535864978903,0.837573385518591,0.781021897810219,0.9029535864978903
