,accuracy,f1,precision,recall,binary_f1,binary_precision,binary_recall
0,0.7785547785547785,0.782608695652174,0.6979591836734694,0.890625,0.7743467933491687,0.8858695652173914,0.6877637130801688
1,0.7785547785547785,0.7743467933491687,0.8858695652173914,0.6877637130801688,0.7743467933491687,0.8858695652173914,0.6877637130801688
