,accuracy,f1,precision,recall,binary_f1,binary_precision,binary_recall
0,0.8107752956636005,0.8222222222222222,0.75,0.9098360655737705,0.7977528089887639,0.8958990536277602,0.7189873417721518
1,0.8107752956636005,0.7977528089887639,0.8958990536277602,0.7189873417721518,0.7977528089887639,0.8958990536277602,0.7189873417721518
