,accuracy,f1,precision,recall,binary_f1,binary_precision,binary_recall
0,0.8391608391608392,0.8022922636103151,0.89171974522293,0.7291666666666666,0.8644400785854617,0.8088235294117647,0.9282700421940928
1,0.8391608391608392,0.8644400785854617,0.8088235294117647,0.9282700421940928,0.8644400785854617,0.8088235294117647,0.9282700421940928
