,accuracy,f1,precision,recall,binary_f1,binary_precision,binary_recall
0,0.8391608391608392,0.7952522255192878,0.9241379310344827,0.6979166666666666,0.8675623800383878,0.795774647887324,0.9535864978902954
1,0.8391608391608392,0.8675623800383878,0.795774647887324,0.9535864978902954,0.8675623800383878,0.795774647887324,0.9535864978902954
