,accuracy,f1,precision,recall,binary_f1,binary_precision,binary_recall
0,0.9172141918528253,0.9128630705394191,0.9243697478991597,0.9016393442622951,0.9211514392991239,0.9108910891089109,0.9316455696202531
1,0.9172141918528253,0.9211514392991239,0.9108910891089109,0.9316455696202531,0.9211514392991239,0.9108910891089109,0.9316455696202531
