,accuracy,f1,precision,recall,binary_f1,binary_precision,binary_recall
0,0.8368298368298368,0.8148148148148148,0.8279569892473119,0.8020833333333334,0.8541666666666667,0.8436213991769548,0.8649789029535865
1,0.8368298368298368,0.8541666666666667,0.8436213991769548,0.8649789029535865,0.8541666666666667,0.8436213991769548,0.8649789029535865
