,accuracy,f1,precision,recall,binary_f1,binary_precision,binary_recall
0,0.8111888111888111,0.7552870090634439,0.8992805755395683,0.6510416666666666,0.8462998102466792,0.7689655172413793,0.9409282700421941
1,0.8111888111888111,0.8462998102466792,0.7689655172413793,0.9409282700421941,0.8462998102466792,0.7689655172413793,0.9409282700421941
