,accuracy,f1,precision,recall,binary_f1,binary_precision,binary_recall
0,0.9342969776609724,0.9327956989247312,0.917989417989418,0.9480874316939891,0.9357326478149101,0.9503916449086162,0.9215189873417722
1,0.9342969776609724,0.9357326478149101,0.9503916449086162,0.9215189873417722,0.9357326478149101,0.9503916449086162,0.9215189873417722
