,accuracy,f1,precision,recall,binary_f1,binary_precision,binary_recall
0,0.8834498834498834,0.868421052631579,0.8776595744680851,0.859375,0.8953974895397488,0.8879668049792531,0.9029535864978903
1,0.8834498834498834,0.8953974895397488,0.8879668049792531,0.9029535864978903,0.8953974895397488,0.8879668049792531,0.9029535864978903
