,accuracy,f1,precision,recall,binary_f1,binary_precision,binary_recall
0,0.8988173455978975,0.8929068150208623,0.9093484419263456,0.8770491803278688,0.9041095890410958,0.8897058823529411,0.9189873417721519
1,0.8988173455978975,0.9041095890410958,0.8897058823529411,0.9189873417721519,0.9041095890410958,0.8897058823529411,0.9189873417721519
