,accuracy,f1,precision,recall,binary_f1,binary_precision,binary_recall
0,0.8205128205128205,0.7968337730870713,0.8074866310160428,0.7864583333333334,0.8392484342379958,0.8305785123966942,0.8481012658227848
1,0.8205128205128205,0.8392484342379958,0.8305785123966942,0.8481012658227848,0.8392484342379958,0.8305785123966942,0.8481012658227848
