,accuracy,f1,precision,recall,binary_f1,binary_precision,binary_recall
0,0.8648018648018648,0.8449197860962567,0.8681318681318682,0.8229166666666666,0.8801652892561983,0.8623481781376519,0.8987341772151899
1,0.8648018648018648,0.8801652892561983,0.8623481781376519,0.8987341772151899,0.8801652892561983,0.8623481781376519,0.8987341772151899
