,accuracy,f1,precision,recall,binary_f1,binary_precision,binary_recall
0,0.9093298291721419,0.9018492176386913,0.9406528189910979,0.8661202185792349,0.9157509157509158,0.8844339622641509,0.9493670886075949
1,0.9093298291721419,0.9157509157509158,0.8844339622641509,0.9493670886075949,0.9157509157509158,0.8844339622641509,0.9493670886075949
