,accuracy,f1,precision,recall,binary_f1,binary_precision,binary_recall
0,0.8578088578088578,0.8337874659400546,0.8742857142857143,0.796875,0.8757637474541752,0.8464566929133859,0.9071729957805907
1,0.8578088578088578,0.8757637474541752,0.8464566929133859,0.9071729957805907,0.8757637474541752,0.8464566929133859,0.9071729957805907
