,accuracy,f1,precision,recall,binary_f1,binary_precision,binary_recall
0,0.8694638694638694,0.8526315789473684,0.8617021276595744,0.84375,0.8828451882845189,0.8755186721991701,0.890295358649789
1,0.8694638694638694,0.8828451882845189,0.8755186721991701,0.890295358649789,0.8828451882845189,0.8755186721991701,0.890295358649789
