,accuracy,f1,precision,recall,binary_f1,binary_precision,binary_recall
0,0.8205128205128205,0.7701492537313432,0.9020979020979021,0.671875,0.8527724665391969,0.7797202797202797,0.9409282700421941
1,0.8205128205128205,0.8527724665391969,0.7797202797202797,0.9409282700421941,0.8527724665391969,0.7797202797202797,0.9409282700421941
