,accuracy,f1,precision,recall,binary_f1,binary_precision,binary_recall
0,0.8414918414918415,0.7988165680473374,0.9246575342465754,0.703125,0.8692307692307691,0.7985865724381626,0.9535864978902954
1,0.8414918414918415,0.8692307692307691,0.7985865724381626,0.9535864978902954,0.8692307692307691,0.7985865724381626,0.9535864978902954
