,accuracy,f1,precision,recall,binary_f1,binary_precision,binary_recall
0,0.8461538461538461,0.8253968253968254,0.8387096774193549,0.8125,0.8624999999999999,0.8518518518518519,0.8734177215189873
1,0.8461538461538461,0.8624999999999999,0.8518518518518519,0.8734177215189873,0.8624999999999999,0.8518518518518519,0.8734177215189873
