,accuracy,f1,precision,recall,binary_f1,binary_precision,binary_recall
0,0.7972027972027972,0.7323076923076923,0.8947368421052632,0.6197916666666666,0.8367729831144467,0.7533783783783784,0.9409282700421941
1,0.7972027972027972,0.8367729831144467,0.7533783783783784,0.9409282700421941,0.8367729831144467,0.7533783783783784,0.9409282700421941
