,accuracy,f1,precision,recall,binary_f1,binary_precision,binary_recall
0,0.8391608391608392,0.7940298507462688,0.9300699300699301,0.6927083333333334,0.8680688336520077,0.7937062937062938,0.9578059071729957
1,0.8391608391608392,0.8680688336520077,0.7937062937062938,0.9578059071729957,0.8680688336520077,0.7937062937062938,0.9578059071729957
