,accuracy,f1,precision,recall,binary_f1,binary_precision,binary_recall
0,0.8717948717948718,0.8533333333333333,0.8743169398907104,0.8333333333333334,0.8861283643892339,0.8699186991869918,0.9029535864978903
1,0.8717948717948718,0.8861283643892339,0.8699186991869918,0.9029535864978903,0.8861283643892339,0.8699186991869918,0.9029535864978903
