,accuracy,f1,precision,recall,binary_f1,binary_precision,binary_recall
0,0.8088578088578089,0.7515151515151515,0.8985507246376812,0.6458333333333334,0.8446969696969696,0.7663230240549829,0.9409282700421941
1,0.8088578088578089,0.8446969696969696,0.7663230240549829,0.9409282700421941,0.8446969696969696,0.7663230240549829,0.9409282700421941
