,accuracy,f1,precision,recall,binary_f1,binary_precision,binary_recall
0,0.7989487516425755,0.748768472906404,0.9382716049382716,0.6229508196721312,0.832420591456736,0.7335907335907336,0.9620253164556962
1,0.7989487516425755,0.832420591456736,0.7335907335907336,0.9620253164556962,0.832420591456736,0.7335907335907336,0.9620253164556962
