,accuracy,f1,precision,recall,binary_f1,binary_precision,binary_recall
0,0.8909329829172142,0.8805755395683453,0.9300911854103343,0.8360655737704918,0.8996372430471584,0.8611111111111112,0.9417721518987342
1,0.8909329829172142,0.8996372430471584,0.8611111111111112,0.9417721518987342,0.8996372430471584,0.8611111111111112,0.9417721518987342
