,accuracy,f1,precision,recall,binary_f1,binary_precision,binary_recall
0,0.8391608391608392,0.8130081300813008,0.847457627118644,0.78125,0.8588957055214723,0.8333333333333334,0.8860759493670886
1,0.8391608391608392,0.8588957055214723,0.8333333333333334,0.8860759493670886,0.8588957055214723,0.8333333333333334,0.8860759493670886
