,accuracy,f1,precision,recall,binary_f1,binary_precision,binary_recall
0,0.8508158508158508,0.8341968911917099,0.8298969072164949,0.8385416666666666,0.864406779661017,0.8680851063829788,0.8607594936708861
1,0.8508158508158508,0.864406779661017,0.8680851063829788,0.8607594936708861,0.864406779661017,0.8680851063829788,0.8607594936708861
