,accuracy,f1,precision,recall,binary_f1,binary_precision,binary_recall
0,0.8461538461538461,0.8272251308900523,0.8315789473684211,0.8229166666666666,0.861344537815126,0.8577405857740585,0.8649789029535865
1,0.8461538461538461,0.861344537815126,0.8577405857740585,0.8649789029535865,0.861344537815126,0.8577405857740585,0.8649789029535865
