,accuracy,f1,precision,recall,binary_f1,binary_precision,binary_recall
0,0.9132720105124835,0.9090909090909091,0.9166666666666666,0.9016393442622951,0.9170854271356784,0.9102244389027432,0.9240506329113924
1,0.9132720105124835,0.9170854271356784,0.9102244389027432,0.9240506329113924,0.9170854271356784,0.9102244389027432,0.9240506329113924
