,accuracy,f1,precision,recall,binary_f1,binary_precision,binary_recall
0,0.8554778554778555,0.8385416666666666,0.8385416666666666,0.8385416666666666,0.869198312236287,0.869198312236287,0.869198312236287
1,0.8554778554778555,0.869198312236287,0.869198312236287,0.869198312236287,0.869198312236287,0.869198312236287,0.869198312236287
