,accuracy,f1,precision,recall,binary_f1,binary_precision,binary_recall
0,0.8694638694638694,0.8469945355191256,0.8908045977011494,0.8072916666666666,0.8861788617886179,0.8549019607843137,0.919831223628692
1,0.8694638694638694,0.8861788617886179,0.8549019607843137,0.919831223628692,0.8861788617886179,0.8549019607843137,0.919831223628692
