,accuracy,f1,precision,recall,binary_f1,binary_precision,binary_recall
0,0.9040735873850198,0.8967468175388968,0.9296187683284457,0.8661202185792349,0.9104294478527606,0.8833333333333333,0.9392405063291139
1,0.9040735873850198,0.9104294478527606,0.8833333333333333,0.9392405063291139,0.9104294478527606,0.8833333333333333,0.9392405063291139
