,accuracy,f1,precision,recall,binary_f1,binary_precision,binary_recall
0,0.8554778554778555,0.8315217391304349,0.8693181818181818,0.796875,0.873469387755102,0.8458498023715415,0.9029535864978903
1,0.8554778554778555,0.873469387755102,0.8458498023715415,0.9029535864978903,0.873469387755102,0.8458498023715415,0.9029535864978903
