,accuracy,f1,precision,recall,binary_f1,binary_precision,binary_recall
0,0.7972027972027972,0.7463556851311953,0.847682119205298,0.6666666666666666,0.8310679611650486,0.7697841726618705,0.9029535864978903
1,0.7972027972027972,0.8310679611650486,0.7697841726618705,0.9029535864978903,0.8310679611650486,0.7697841726618705,0.9029535864978903
