,accuracy,f1,precision,recall,binary_f1,binary_precision,binary_recall
0,0.8383705650459922,0.8150375939849624,0.9063545150501672,0.7404371584699454,0.8564760793465578,0.7943722943722944,0.9291139240506329
1,0.8383705650459922,0.8564760793465578,0.7943722943722944,0.9291139240506329,0.8564760793465578,0.7943722943722944,0.9291139240506329
