,accuracy,f1,precision,recall,binary_f1,binary_precision,binary_recall
0,0.8251748251748252,0.7826086956521738,0.8823529411764706,0.703125,0.8538011695906433,0.7934782608695652,0.9240506329113924
1,0.8251748251748252,0.8538011695906433,0.7934782608695652,0.9240506329113924,0.8538011695906433,0.7934782608695652,0.9240506329113924
