,accuracy,f1,precision,recall,binary_f1,binary_precision,binary_recall
0,0.8409986859395532,0.8207407407407407,0.8964401294498382,0.7568306010928961,0.8571428571428571,0.8030973451327433,0.9189873417721519
1,0.8409986859395532,0.8571428571428571,0.8030973451327433,0.9189873417721519,0.8571428571428571,0.8030973451327433,0.9189873417721519
