,accuracy,f1,precision,recall,binary_f1,binary_precision,binary_recall
0,0.7995337995337995,0.7278481012658229,0.9274193548387096,0.5989583333333334,0.8413284132841329,0.7475409836065574,0.9620253164556962
1,0.7995337995337995,0.8413284132841329,0.7475409836065574,0.9620253164556962,0.8413284132841329,0.7475409836065574,0.9620253164556962
