,accuracy,f1,precision,recall,binary_f1,binary_precision,binary_recall
0,0.8186596583442839,0.7730263157894737,0.9710743801652892,0.6420765027322405,0.849015317286652,0.7475915221579962,0.9822784810126582
1,0.8186596583442839,0.849015317286652,0.7475915221579962,0.9822784810126582,0.849015317286652,0.7475915221579962,0.9822784810126582
