,accuracy,f1,precision,recall,binary_f1,binary_precision,binary_recall
0,0.7832167832167832,0.7190332326283989,0.8561151079136691,0.6197916666666666,0.823529411764706,0.7482758620689656,0.9156118143459916
1,0.7832167832167832,0.823529411764706,0.7482758620689656,0.9156118143459916,0.823529411764706,0.7482758620689656,0.9156118143459916
