,accuracy,f1,precision,recall,binary_f1,binary_precision,binary_recall
0,0.8988173455978975,0.8913963328631874,0.9212827988338192,0.8633879781420765,0.905289052890529,0.8803827751196173,0.9316455696202531
1,0.8988173455978975,0.905289052890529,0.8803827751196173,0.9316455696202531,0.905289052890529,0.8803827751196173,0.9316455696202531
