,accuracy,f1,precision,recall,binary_f1,binary_precision,binary_recall
0,0.8321678321678322,0.7931034482758621,0.8846153846153846,0.71875,0.8588235294117648,0.8021978021978022,0.9240506329113924
1,0.8321678321678322,0.8588235294117648,0.8021978021978022,0.9240506329113924,0.8588235294117648,0.8021978021978022,0.9240506329113924
