,accuracy,f1,precision,recall,binary_f1,binary_precision,binary_recall
0,0.8554778554778555,0.8268156424581005,0.891566265060241,0.7708333333333334,0.876,0.8326996197718631,0.9240506329113924
1,0.8554778554778555,0.876,0.8326996197718631,0.9240506329113924,0.876,0.8326996197718631,0.9240506329113924
