,accuracy,f1,precision,recall,binary_f1,binary_precision,binary_recall
0,0.8648018648018648,0.8406593406593407,0.8895348837209303,0.796875,0.8825910931174089,0.8482490272373541,0.919831223628692
1,0.8648018648018648,0.8825910931174089,0.8482490272373541,0.919831223628692,0.8825910931174089,0.8482490272373541,0.919831223628692
