,accuracy,f1,precision,recall,binary_f1,binary_precision,binary_recall
0,0.8578088578088578,0.8328767123287673,0.8786127167630058,0.7916666666666666,0.8762677484787018,0.84375,0.9113924050632911
1,0.8578088578088578,0.8762677484787018,0.84375,0.9113924050632911,0.8762677484787018,0.84375,0.9113924050632911
