,accuracy,f1,precision,recall,binary_f1,binary_precision,binary_recall
0,0.8298368298368298,0.7955182072829133,0.8606060606060606,0.7395833333333334,0.8542914171656685,0.8106060606060606,0.9029535864978903
1,0.8298368298368298,0.8542914171656685,0.8106060606060606,0.9029535864978903,0.8542914171656685,0.8106060606060606,0.9029535864978903
