,accuracy,f1,precision,recall,binary_f1,binary_precision,binary_recall
0,0.835742444152431,0.8159057437407953,0.8849840255591054,0.7568306010928961,0.8517200474495848,0.8013392857142857,0.9088607594936708
1,0.835742444152431,0.8517200474495848,0.8013392857142857,0.9088607594936708,0.8517200474495848,0.8013392857142857,0.9088607594936708
