,accuracy,f1,precision,recall,binary_f1,binary_precision,binary_recall
0,0.8531468531468531,0.8264462809917354,0.8771929824561403,0.78125,0.8727272727272727,0.8372093023255814,0.9113924050632911
1,0.8531468531468531,0.8727272727272727,0.8372093023255814,0.9113924050632911,0.8727272727272727,0.8372093023255814,0.9113924050632911
