,accuracy,f1,precision,recall,binary_f1,binary_precision,binary_recall
0,0.8158508158508159,0.7683284457478007,0.8791946308724832,0.6822916666666666,0.8471953578336557,0.7821428571428571,0.9240506329113924
1,0.8158508158508159,0.8471953578336557,0.7821428571428571,0.9240506329113924,0.8471953578336557,0.7821428571428571,0.9240506329113924
