,accuracy,f1,precision,recall,binary_f1,binary_precision,binary_recall
0,0.8391608391608392,0.7964601769911506,0.9183673469387755,0.703125,0.8670520231213873,0.7978723404255319,0.9493670886075949
1,0.8391608391608392,0.8670520231213873,0.7978723404255319,0.9493670886075949,0.8670520231213873,0.7978723404255319,0.9493670886075949
