,accuracy,f1,precision,recall,binary_f1,binary_precision,binary_recall
0,0.8321678321678322,0.783132530120482,0.9285714285714286,0.6770833333333334,0.8631178707224335,0.7854671280276817,0.9578059071729957
1,0.8321678321678322,0.8631178707224335,0.7854671280276817,0.9578059071729957,0.8631178707224335,0.7854671280276817,0.9578059071729957
