,accuracy,f1,precision,recall,binary_f1,binary_precision,binary_recall
0,0.8181818181818182,0.7732558139534884,0.875,0.6927083333333334,0.8482490272373541,0.7870036101083032,0.919831223628692
1,0.8181818181818182,0.8482490272373541,0.7870036101083032,0.919831223628692,0.8482490272373541,0.7870036101083032,0.919831223628692
