,accuracy,f1,precision,recall,binary_f1,binary_precision,binary_recall
0,0.8107752956636005,0.7770897832817336,0.8964285714285715,0.6857923497267759,0.8356164383561644,0.760914760914761,0.9265822784810127
1,0.8107752956636005,0.8356164383561644,0.760914760914761,0.9265822784810127,0.8356164383561644,0.760914760914761,0.9265822784810127
