,accuracy,f1,precision,recall,binary_f1,binary_precision,binary_recall
0,0.9014454664914586,0.8948106591865358,0.9193083573487032,0.8715846994535519,0.9072929542645242,0.8864734299516909,0.9291139240506329
1,0.9014454664914586,0.9072929542645242,0.8864734299516909,0.9291139240506329,0.9072929542645242,0.8864734299516909,0.9291139240506329
