,accuracy,f1,precision,recall,binary_f1,binary_precision,binary_recall
0,0.8438228438228438,0.8091168091168093,0.8930817610062893,0.7395833333333334,0.8678500986193294,0.8148148148148148,0.9282700421940928
1,0.8438228438228438,0.8678500986193294,0.8148148148148148,0.9282700421940928,0.8678500986193294,0.8148148148148148,0.9282700421940928
