,accuracy,f1,precision,recall,binary_f1,binary_precision,binary_recall
0,0.8671328671328671,0.8496042216358839,0.8609625668449198,0.8385416666666666,0.8810020876826723,0.871900826446281,0.890295358649789
1,0.8671328671328671,0.8810020876826723,0.871900826446281,0.890295358649789,0.8810020876826723,0.871900826446281,0.890295358649789
