,accuracy,f1,precision,recall,binary_f1,binary_precision,binary_recall
0,0.9250985545335085,0.9222373806275581,0.9209809264305178,0.9234972677595629,0.9277566539923955,0.9289340101522843,0.9265822784810127
1,0.9250985545335085,0.9277566539923955,0.9289340101522843,0.9265822784810127,0.9277566539923955,0.9289340101522843,0.9265822784810127
