,accuracy,f1,precision,recall,binary_f1,binary_precision,binary_recall
0,0.8251748251748252,0.7887323943661972,0.8588957055214724,0.7291666666666666,0.8508946322067595,0.8045112781954887,0.9029535864978903
1,0.8251748251748252,0.8508946322067595,0.8045112781954887,0.9029535864978903,0.8508946322067595,0.8045112781954887,0.9029535864978903
