,accuracy,f1,precision,recall,binary_f1,binary_precision,binary_recall
0,0.8578088578088578,0.8262108262108262,0.9119496855345912,0.7552083333333334,0.8796844181459565,0.825925925925926,0.9409282700421941
1,0.8578088578088578,0.8796844181459565,0.825925925925926,0.9409282700421941,0.8796844181459565,0.825925925925926,0.9409282700421941
