,accuracy,f1,precision,recall,binary_f1,binary_precision,binary_recall
0,0.9316688567674113,0.9289617486338798,0.9289617486338798,0.9289617486338798,0.9341772151898734,0.9341772151898734,0.9341772151898734
1,0.9316688567674113,0.9341772151898734,0.9341772151898734,0.9341772151898734,0.9341772151898734,0.9341772151898734,0.9341772151898734
