,accuracy,f1,precision,recall,binary_f1,binary_precision,binary_recall
0,0.8461538461538461,0.8135593220338982,0.8888888888888888,0.75,0.8690476190476191,0.8202247191011236,0.9240506329113924
1,0.8461538461538461,0.8690476190476191,0.8202247191011236,0.9240506329113924,0.8690476190476191,0.8202247191011236,0.9240506329113924
