,accuracy,f1,precision,recall,binary_f1,binary_precision,binary_recall
0,0.8391608391608392,0.8056338028169013,0.8773006134969326,0.7447916666666666,0.8628230616302187,0.8157894736842105,0.9156118143459916
1,0.8391608391608392,0.8628230616302187,0.8157894736842105,0.9156118143459916,0.8628230616302187,0.8157894736842105,0.9156118143459916
