,accuracy,f1,precision,recall,binary_f1,binary_precision,binary_recall
0,0.8414918414918415,0.8210526315789474,0.8297872340425532,0.8125,0.8577405857740585,0.8506224066390041,0.8649789029535865
1,0.8414918414918415,0.8577405857740585,0.8506224066390041,0.8649789029535865,0.8577405857740585,0.8506224066390041,0.8649789029535865
