,accuracy,f1,precision,recall,binary_f1,binary_precision,binary_recall
0,0.7726675427069645,0.7510791366906474,0.7933130699088146,0.7131147540983607,0.7908101571946795,0.7569444444444444,0.8278481012658228
1,0.7726675427069645,0.7908101571946795,0.7569444444444444,0.8278481012658228,0.7908101571946795,0.7569444444444444,0.8278481012658228
