,accuracy,f1,precision,recall,binary_f1,binary_precision,binary_recall
0,0.7016317016317016,0.6424581005586593,0.6927710843373494,0.5989583333333334,0.7440000000000001,0.7072243346007605,0.7848101265822784
1,0.7016317016317016,0.7440000000000001,0.7072243346007605,0.7848101265822784,0.7440000000000001,0.7072243346007605,0.7848101265822784
