,accuracy,f1,precision,recall,binary_f1,binary_precision,binary_recall
0,0.8601398601398601,0.8342541436464088,0.888235294117647,0.7864583333333334,0.8790322580645161,0.8416988416988417,0.919831223628692
1,0.8601398601398601,0.8790322580645161,0.8416988416988417,0.919831223628692,0.8790322580645161,0.8416988416988417,0.919831223628692
