,accuracy,f1,precision,recall,binary_f1,binary_precision,binary_recall
0,0.8671328671328671,0.8421052631578947,0.8994082840236687,0.7916666666666666,0.8853118712273642,0.8461538461538461,0.9282700421940928
1,0.8671328671328671,0.8853118712273642,0.8461538461538461,0.9282700421940928,0.8853118712273642,0.8461538461538461,0.9282700421940928
