,accuracy,f1,precision,recall,binary_f1,binary_precision,binary_recall
0,0.8181818181818182,0.7796610169491525,0.8518518518518519,0.71875,0.8452380952380952,0.797752808988764,0.8987341772151899
1,0.8181818181818182,0.8452380952380952,0.797752808988764,0.8987341772151899,0.8452380952380952,0.797752808988764,0.8987341772151899
