,accuracy,f1,precision,recall,binary_f1,binary_precision,binary_recall
0,0.8449408672798949,0.8254437869822485,0.9,0.7622950819672131,0.8605200945626478,0.8070953436807096,0.9215189873417722
1,0.8449408672798949,0.8605200945626478,0.8070953436807096,0.9215189873417722,0.8605200945626478,0.8070953436807096,0.9215189873417722
