,accuracy,f1,precision,recall,binary_f1,binary_precision,binary_recall
0,0.7995337995337995,0.7528735632183908,0.8397435897435898,0.6822916666666666,0.8313725490196078,0.7765567765567766,0.8945147679324894
1,0.7995337995337995,0.8313725490196078,0.7765567765567766,0.8945147679324894,0.8313725490196078,0.7765567765567766,0.8945147679324894
