,accuracy,f1,precision,recall,binary_f1,binary_precision,binary_recall
0,0.7634691195795007,0.7160883280757097,0.8470149253731343,0.6202185792349727,0.7972972972972973,0.718052738336714,0.8962025316455696
1,0.7634691195795007,0.7972972972972973,0.718052738336714,0.8962025316455696,0.7972972972972973,0.718052738336714,0.8962025316455696
