,accuracy,f1,precision,recall,binary_f1,binary_precision,binary_recall
0,0.8578088578088578,0.8463476070528968,0.8195121951219512,0.875,0.8676789587852495,0.8928571428571429,0.8438818565400844
1,0.8578088578088578,0.8676789587852495,0.8928571428571429,0.8438818565400844,0.8676789587852495,0.8928571428571429,0.8438818565400844
