,accuracy,f1,precision,recall,binary_f1,binary_precision,binary_recall
0,0.923784494086728,0.9205479452054796,0.9230769230769231,0.9180327868852459,0.9267676767676767,0.924433249370277,0.9291139240506329
1,0.923784494086728,0.9267676767676767,0.924433249370277,0.9291139240506329,0.9267676767676767,0.924433249370277,0.9291139240506329
