,accuracy,f1,precision,recall,binary_f1,binary_precision,binary_recall
0,0.8391608391608392,0.8045325779036828,0.8819875776397516,0.7395833333333334,0.8633663366336634,0.8134328358208955,0.919831223628692
1,0.8391608391608392,0.8633663366336634,0.8134328358208955,0.919831223628692,0.8633663366336634,0.8134328358208955,0.919831223628692
