,accuracy,f1,precision,recall,binary_f1,binary_precision,binary_recall
0,0.8414918414918415,0.8162162162162163,0.848314606741573,0.7864583333333334,0.8606557377049181,0.8366533864541833,0.8860759493670886
1,0.8414918414918415,0.8606557377049181,0.8366533864541833,0.8860759493670886,0.8606557377049181,0.8366533864541833,0.8860759493670886
