,accuracy,f1,precision,recall,binary_f1,binary_precision,binary_recall
0,0.7389277389277389,0.6646706586826346,0.7816901408450704,0.578125,0.7862595419847329,0.7177700348432056,0.869198312236287
1,0.7389277389277389,0.7862595419847329,0.7177700348432056,0.869198312236287,0.7862595419847329,0.7177700348432056,0.869198312236287
