,accuracy,f1,precision,recall,binary_f1,binary_precision,binary_recall
0,0.7902097902097902,0.7222222222222223,0.8863636363636364,0.609375,0.8314606741573033,0.7474747474747475,0.9367088607594937
1,0.7902097902097902,0.8314606741573033,0.7474747474747475,0.9367088607594937,0.8314606741573033,0.7474747474747475,0.9367088607594937
