,accuracy,f1,precision,recall,binary_f1,binary_precision,binary_recall
0,0.8368298368298368,0.7988505747126438,0.8910256410256411,0.7239583333333334,0.8627450980392156,0.8058608058608059,0.9282700421940928
1,0.8368298368298368,0.8627450980392156,0.8058608058608059,0.9282700421940928,0.8627450980392156,0.8058608058608059,0.9282700421940928
