,accuracy,f1,precision,recall,binary_f1,binary_precision,binary_recall
0,0.8298368298368298,0.7820895522388058,0.916083916083916,0.6822916666666666,0.8604206500956022,0.7867132867132867,0.9493670886075949
1,0.8298368298368298,0.8604206500956022,0.7867132867132867,0.9493670886075949,0.8604206500956022,0.7867132867132867,0.9493670886075949
