,accuracy,f1,precision,recall,binary_f1,binary_precision,binary_recall
0,0.8508158508158508,0.8333333333333334,0.8333333333333334,0.8333333333333334,0.8649789029535865,0.8649789029535865,0.8649789029535865
1,0.8508158508158508,0.8649789029535865,0.8649789029535865,0.8649789029535865,0.8649789029535865,0.8649789029535865,0.8649789029535865
