,accuracy,f1,precision,recall,binary_f1,binary_precision,binary_recall
0,0.8158508158508159,0.7655786350148368,0.8896551724137931,0.671875,0.8483685220729367,0.778169014084507,0.9324894514767933
1,0.8158508158508159,0.8483685220729367,0.778169014084507,0.9324894514767933,0.8483685220729367,0.778169014084507,0.9324894514767933
