,accuracy,f1,precision,recall,binary_f1,binary_precision,binary_recall
0,0.8672798948751642,0.8512518409425626,0.9233226837060703,0.7896174863387978,0.8801897983392645,0.828125,0.9392405063291139
1,0.8672798948751642,0.8801897983392645,0.828125,0.9392405063291139,0.8801897983392645,0.828125,0.9392405063291139
