,accuracy,f1,precision,recall,binary_f1,binary_precision,binary_recall
0,0.8111888111888111,0.7665706051873199,0.8580645161290322,0.6927083333333334,0.8414872798434443,0.7846715328467153,0.9071729957805907
1,0.8111888111888111,0.8414872798434443,0.7846715328467153,0.9071729957805907,0.8414872798434443,0.7846715328467153,0.9071729957805907
