,accuracy,f1,precision,recall,binary_f1,binary_precision,binary_recall
0,0.8531468531468531,0.8388746803069055,0.8241206030150754,0.8541666666666666,0.8650963597430408,0.8782608695652174,0.8523206751054853
1,0.8531468531468531,0.8650963597430408,0.8782608695652174,0.8523206751054853,0.8650963597430408,0.8782608695652174,0.8523206751054853
