,accuracy,f1,precision,recall,binary_f1,binary_precision,binary_recall
0,0.8883048620236531,0.8773448773448774,0.9296636085626911,0.8306010928961749,0.8974668275030157,0.8571428571428571,0.9417721518987342
1,0.8883048620236531,0.8974668275030157,0.8571428571428571,0.9417721518987342,0.8974668275030157,0.8571428571428571,0.9417721518987342
