,accuracy,f1,precision,recall,binary_f1,binary_precision,binary_recall
0,0.8298368298368298,0.792022792022792,0.8742138364779874,0.7239583333333334,0.8560157790927022,0.8037037037037037,0.9156118143459916
1,0.8298368298368298,0.8560157790927022,0.8037037037037037,0.9156118143459916,0.8560157790927022,0.8037037037037037,0.9156118143459916
