,accuracy,f1,precision,recall,binary_f1,binary_precision,binary_recall
0,0.8620236530880421,0.8467153284671532,0.9090909090909091,0.7923497267759563,0.8745519713261648,0.8280542986425339,0.9265822784810127
1,0.8620236530880421,0.8745519713261648,0.8280542986425339,0.9265822784810127,0.8745519713261648,0.8280542986425339,0.9265822784810127
