,accuracy,f1,precision,recall,binary_f1,binary_precision,binary_recall
0,0.8368298368298368,0.8033707865168539,0.8719512195121951,0.7447916666666666,0.8605577689243028,0.8150943396226416,0.9113924050632911
1,0.8368298368298368,0.8605577689243028,0.8150943396226416,0.9113924050632911,0.8605577689243028,0.8150943396226416,0.9113924050632911
