,accuracy,f1,precision,recall,binary_f1,binary_precision,binary_recall
0,0.8181818181818182,0.7880434782608695,0.8238636363636364,0.7552083333333334,0.8408163265306122,0.8142292490118577,0.869198312236287
1,0.8181818181818182,0.8408163265306122,0.8142292490118577,0.869198312236287,0.8408163265306122,0.8142292490118577,0.869198312236287
