,accuracy,f1,precision,recall,binary_f1,binary_precision,binary_recall
0,0.873850197109067,0.8651685393258426,0.8901734104046243,0.8415300546448088,0.8814814814814815,0.8602409638554217,0.9037974683544304
1,0.873850197109067,0.8814814814814815,0.8602409638554217,0.9037974683544304,0.8814814814814815,0.8602409638554217,0.9037974683544304
