,accuracy,f1,precision,recall,binary_f1,binary_precision,binary_recall
0,0.8717948717948718,0.8541114058355438,0.8702702702702703,0.8385416666666666,0.8856548856548856,0.8729508196721312,0.8987341772151899
1,0.8717948717948718,0.8856548856548856,0.8729508196721312,0.8987341772151899,0.8856548856548856,0.8729508196721312,0.8987341772151899
