,accuracy,f1,precision,recall,binary_f1,binary_precision,binary_recall
0,0.8601398601398601,0.8412698412698412,0.8548387096774194,0.828125,0.8749999999999999,0.8641975308641975,0.8860759493670886
1,0.8601398601398601,0.8749999999999999,0.8641975308641975,0.8860759493670886,0.8749999999999999,0.8641975308641975,0.8860759493670886
