,accuracy,f1,precision,recall,binary_f1,binary_precision,binary_recall
0,0.8501971090670171,0.8343023255813954,0.8913043478260869,0.7841530054644809,0.8633093525179855,0.8200455580865603,0.9113924050632911
1,0.8501971090670171,0.8633093525179855,0.8200455580865603,0.9113924050632911,0.8633093525179855,0.8200455580865603,0.9113924050632911
