,accuracy,f1,precision,recall,binary_f1,binary_precision,binary_recall
0,0.8275058275058275,0.7885714285714285,0.8734177215189873,0.71875,0.8543307086614172,0.8007380073800738,0.9156118143459916
1,0.8275058275058275,0.8543307086614172,0.8007380073800738,0.9156118143459916,0.8543307086614172,0.8007380073800738,0.9156118143459916
