,accuracy,f1,precision,recall,binary_f1,binary_precision,binary_recall
0,0.8777923784494087,0.8630338733431516,0.9361022364217252,0.8005464480874317,0.889679715302491,0.8370535714285714,0.9493670886075949
1,0.8777923784494087,0.889679715302491,0.8370535714285714,0.9493670886075949,0.889679715302491,0.8370535714285714,0.9493670886075949
