,accuracy,f1,precision,recall,binary_f1,binary_precision,binary_recall
0,0.8461538461538461,0.8114285714285714,0.8987341772151899,0.7395833333333334,0.8700787401574803,0.8154981549815498,0.9324894514767933
1,0.8461538461538461,0.8700787401574803,0.8154981549815498,0.9324894514767933,0.8700787401574803,0.8154981549815498,0.9324894514767933
