,accuracy,f1,precision,recall,binary_f1,binary_precision,binary_recall
0,0.7505827505827506,0.6514657980456027,0.8695652173913043,0.5208333333333334,0.8058076225045372,0.7070063694267515,0.9367088607594937
1,0.7505827505827506,0.8058076225045372,0.7070063694267515,0.9367088607594937,0.8058076225045372,0.7070063694267515,0.9367088607594937
