,accuracy,f1,precision,recall,binary_f1,binary_precision,binary_recall
0,0.7832167832167832,0.7084639498432601,0.889763779527559,0.5885416666666666,0.8274582560296846,0.7384105960264901,0.9409282700421941
1,0.7832167832167832,0.8274582560296846,0.7384105960264901,0.9409282700421941,0.8274582560296846,0.7384105960264901,0.9409282700421941
