,accuracy,f1,precision,recall,binary_f1,binary_precision,binary_recall
0,0.8988173455978975,0.8966442953020134,0.8812664907651715,0.912568306010929,0.9009009009009009,0.9162303664921466,0.8860759493670886
1,0.8988173455978975,0.9009009009009009,0.9162303664921466,0.8860759493670886,0.9009009009009009,0.9162303664921466,0.8860759493670886
