,accuracy,f1,precision,recall,binary_f1,binary_precision,binary_recall
0,0.8764568764568764,0.8658227848101266,0.8423645320197044,0.890625,0.8855291576673865,0.9070796460176991,0.8649789029535865
1,0.8764568764568764,0.8855291576673865,0.9070796460176991,0.8649789029535865,0.8855291576673865,0.9070796460176991,0.8649789029535865
