,accuracy,f1,precision,recall,binary_f1,binary_precision,binary_recall
0,0.8741258741258742,0.859375,0.859375,0.859375,0.8860759493670886,0.8860759493670886,0.8860759493670886
1,0.8741258741258742,0.8860759493670886,0.8860759493670886,0.8860759493670886,0.8860759493670886,0.8860759493670886,0.8860759493670886
