,accuracy,f1,precision,recall,binary_f1,binary_precision,binary_recall
0,0.7808857808857809,0.7684729064039408,0.7289719626168224,0.8125,0.7920353982300885,0.8325581395348837,0.7552742616033755
1,0.7808857808857809,0.7920353982300885,0.8325581395348837,0.7552742616033755,0.7920353982300885,0.8325581395348837,0.7552742616033755
