,accuracy,f1,precision,recall,binary_f1,binary_precision,binary_recall
0,0.8685939553219448,0.8591549295774649,0.8866279069767442,0.8333333333333334,0.8768472906403941,0.8537170263788969,0.9012658227848102
1,0.8685939553219448,0.8768472906403941,0.8537170263788969,0.9012658227848102,0.8768472906403941,0.8537170263788969,0.9012658227848102
