,accuracy,f1,precision,recall,binary_f1,binary_precision,binary_recall
0,0.8414918414918415,0.8325123152709359,0.7897196261682243,0.8802083333333334,0.8495575221238938,0.8930232558139535,0.810126582278481
1,0.8414918414918415,0.8495575221238938,0.8930232558139535,0.810126582278481,0.8495575221238938,0.8930232558139535,0.810126582278481
