,accuracy,f1,precision,recall,binary_f1,binary_precision,binary_recall
0,0.900131406044678,0.8904899135446686,0.9420731707317073,0.8442622950819673,0.9082125603864735,0.8683602771362586,0.9518987341772152
1,0.900131406044678,0.9082125603864735,0.8683602771362586,0.9518987341772152,0.9082125603864735,0.8683602771362586,0.9518987341772152
