,accuracy,f1,precision,recall,binary_f1,binary_precision,binary_recall
0,0.8205128205128205,0.7818696883852689,0.8571428571428571,0.71875,0.8475247524752475,0.7985074626865671,0.9029535864978903
1,0.8205128205128205,0.8475247524752475,0.7985074626865671,0.9029535864978903,0.8475247524752475,0.7985074626865671,0.9029535864978903
