,accuracy,f1,precision,recall,binary_f1,binary_precision,binary_recall
0,0.8554778554778555,0.8238636363636364,0.90625,0.7552083333333334,0.8774703557312253,0.8252788104089219,0.9367088607594937
1,0.8554778554778555,0.8774703557312253,0.8252788104089219,0.9367088607594937,0.8774703557312253,0.8252788104089219,0.9367088607594937
