,accuracy,f1,precision,recall,binary_f1,binary_precision,binary_recall
0,0.8135198135198135,0.7590361445783134,0.9,0.65625,0.8479087452471484,0.7716262975778547,0.9409282700421941
1,0.8135198135198135,0.8479087452471484,0.7716262975778547,0.9409282700421941,0.8479087452471484,0.7716262975778547,0.9409282700421941
