,accuracy,f1,precision,recall,binary_f1,binary_precision,binary_recall
0,0.835742444152431,0.81089258698941,0.9084745762711864,0.73224043715847,0.8548199767711961,0.7896995708154506,0.9316455696202531
1,0.835742444152431,0.8548199767711961,0.7896995708154506,0.9316455696202531,0.8548199767711961,0.7896995708154506,0.9316455696202531
