,accuracy,f1,precision,recall,binary_f1,binary_precision,binary_recall
0,0.8158508158508159,0.7669616519174041,0.8843537414965986,0.6770833333333334,0.8477842003853565,0.7801418439716312,0.9282700421940928
1,0.8158508158508159,0.8477842003853565,0.7801418439716312,0.9282700421940928,0.8477842003853565,0.7801418439716312,0.9282700421940928
