,accuracy,f1,precision,recall,binary_f1,binary_precision,binary_recall
0,0.9145860709592641,0.9129852744310575,0.89501312335958,0.9316939890710383,0.9161290322580645,0.9342105263157895,0.8987341772151899
1,0.9145860709592641,0.9161290322580645,0.9342105263157895,0.8987341772151899,0.9161290322580645,0.9342105263157895,0.8987341772151899
