,accuracy,f1,precision,recall,binary_f1,binary_precision,binary_recall
0,0.7645687645687645,0.7072463768115942,0.7973856209150327,0.6354166666666666,0.8031189083820663,0.7463768115942029,0.869198312236287
1,0.7645687645687645,0.8031189083820663,0.7463768115942029,0.869198312236287,0.8031189083820663,0.7463768115942029,0.869198312236287
