,accuracy,f1,precision,recall,binary_f1,binary_precision,binary_recall
0,0.7293035479632063,0.6688102893890675,0.8125,0.5683060109289617,0.7711111111111113,0.6871287128712872,0.8784810126582279
1,0.7293035479632063,0.7711111111111113,0.6871287128712872,0.8784810126582279,0.7711111111111113,0.6871287128712872,0.8784810126582279
