,accuracy,f1,precision,recall,binary_f1,binary_precision,binary_recall
0,0.8554778554778555,0.8324324324324325,0.8651685393258427,0.8020833333333334,0.8729508196721312,0.848605577689243,0.8987341772151899
1,0.8554778554778555,0.8729508196721312,0.848605577689243,0.8987341772151899,0.8729508196721312,0.848605577689243,0.8987341772151899
