,accuracy,f1,precision,recall,binary_f1,binary_precision,binary_recall
0,0.8321678321678322,0.791907514450867,0.8896103896103896,0.7135416666666666,0.859375,0.8,0.9282700421940928
1,0.8321678321678322,0.859375,0.8,0.9282700421940928,0.859375,0.8,0.9282700421940928
