,accuracy,f1,precision,recall,binary_f1,binary_precision,binary_recall
0,0.8298368298368298,0.7999999999999999,0.8439306358381503,0.7604166666666666,0.8519269776876267,0.8203125,0.8860759493670886
1,0.8298368298368298,0.8519269776876267,0.8203125,0.8860759493670886,0.8519269776876267,0.8203125,0.8860759493670886
