,accuracy,f1,precision,recall,binary_f1,binary_precision,binary_recall
0,0.8205128205128205,0.7687687687687689,0.9078014184397163,0.6666666666666666,0.8533333333333335,0.7777777777777778,0.9451476793248945
1,0.8205128205128205,0.8533333333333335,0.7777777777777778,0.9451476793248945,0.8533333333333335,0.7777777777777778,0.9451476793248945
