,accuracy,f1,precision,recall,binary_f1,binary_precision,binary_recall
0,0.8181818181818182,0.7678571428571428,0.8958333333333334,0.671875,0.8505747126436782,0.7789473684210526,0.9367088607594937
1,0.8181818181818182,0.8505747126436782,0.7789473684210526,0.9367088607594937,0.8505747126436782,0.7789473684210526,0.9367088607594937
