,accuracy,f1,precision,recall,binary_f1,binary_precision,binary_recall
0,0.8147174770039421,0.7779527559055118,0.9182156133828996,0.674863387978142,0.8410372040586246,0.758130081300813,0.9443037974683545
1,0.8147174770039421,0.8410372040586246,0.758130081300813,0.9443037974683545,0.8410372040586246,0.758130081300813,0.9443037974683545
