,accuracy,f1,precision,recall,binary_f1,binary_precision,binary_recall
0,0.8508158508158508,0.8232044198895029,0.8764705882352941,0.7760416666666666,0.8709677419354838,0.833976833976834,0.9113924050632911
1,0.8508158508158508,0.8709677419354838,0.833976833976834,0.9113924050632911,0.8709677419354838,0.833976833976834,0.9113924050632911
