,accuracy,f1,precision,recall,binary_f1,binary_precision,binary_recall
0,0.8414918414918415,0.8068181818181819,0.8875,0.7395833333333334,0.8656126482213438,0.8141263940520446,0.9240506329113924
1,0.8414918414918415,0.8656126482213438,0.8141263940520446,0.9240506329113924,0.8656126482213438,0.8141263940520446,0.9240506329113924
