,accuracy,f1,precision,recall,binary_f1,binary_precision,binary_recall
0,0.8580814717477004,0.83125,0.9708029197080292,0.726775956284153,0.8775510204081631,0.7946611909650924,0.979746835443038
1,0.8580814717477004,0.8775510204081631,0.7946611909650924,0.979746835443038,0.8775510204081631,0.7946611909650924,0.979746835443038
