,accuracy,f1,precision,recall,binary_f1,binary_precision,binary_recall
0,0.8298368298368298,0.784660766961652,0.9047619047619048,0.6927083333333334,0.8593448940269749,0.7907801418439716,0.9409282700421941
1,0.8298368298368298,0.8593448940269749,0.7907801418439716,0.9409282700421941,0.8593448940269749,0.7907801418439716,0.9409282700421941
