,accuracy,f1,precision,recall,binary_f1,binary_precision,binary_recall
0,0.8461538461538461,0.8176795580110497,0.8705882352941177,0.7708333333333334,0.8669354838709676,0.8301158301158301,0.9071729957805907
1,0.8461538461538461,0.8669354838709676,0.8301158301158301,0.9071729957805907,0.8669354838709676,0.8301158301158301,0.9071729957805907
