,accuracy,f1,precision,recall,binary_f1,binary_precision,binary_recall
0,0.9093298291721419,0.9037656903765692,0.9230769230769231,0.8852459016393442,0.9142857142857144,0.8975609756097561,0.9316455696202531
1,0.9093298291721419,0.9142857142857144,0.8975609756097561,0.9316455696202531,0.9142857142857144,0.8975609756097561,0.9316455696202531
