,accuracy,f1,precision,recall,binary_f1,binary_precision,binary_recall
0,0.8368298368298368,0.8087431693989071,0.8505747126436781,0.7708333333333334,0.8577235772357723,0.8274509803921568,0.890295358649789
1,0.8368298368298368,0.8577235772357723,0.8274509803921568,0.890295358649789,0.8577235772357723,0.8274509803921568,0.890295358649789
