,accuracy,f1,precision,recall,binary_f1,binary_precision,binary_recall
0,0.7785547785547785,0.7164179104477612,0.8391608391608392,0.625,0.8183556405353728,0.7482517482517482,0.9029535864978903
1,0.7785547785547785,0.8183556405353728,0.7482517482517482,0.9029535864978903,0.8183556405353728,0.7482517482517482,0.9029535864978903
