,accuracy,f1,precision,recall,binary_f1,binary_precision,binary_recall
0,0.8531468531468531,0.8283378746594005,0.8685714285714285,0.7916666666666666,0.8716904276985743,0.84251968503937,0.9029535864978903
1,0.8531468531468531,0.8716904276985743,0.84251968503937,0.9029535864978903,0.8716904276985743,0.84251968503937,0.9029535864978903
