,accuracy,f1,precision,recall,binary_f1,binary_precision,binary_recall
0,0.8344988344988346,0.8116710875331564,0.827027027027027,0.796875,0.8523908523908523,0.8401639344262295,0.8649789029535865
1,0.8344988344988346,0.8523908523908523,0.8401639344262295,0.8649789029535865,0.8523908523908523,0.8401639344262295,0.8649789029535865
