,accuracy,f1,precision,recall,binary_f1,binary_precision,binary_recall
0,0.8135198135198135,0.7647058823529412,0.8783783783783784,0.6770833333333334,0.8455598455598455,0.7793594306049823,0.9240506329113924
1,0.8135198135198135,0.8455598455598455,0.7793594306049823,0.9240506329113924,0.8455598455598455,0.7793594306049823,0.9240506329113924
