,accuracy,f1,precision,recall,binary_f1,binary_precision,binary_recall
0,0.8370565045992115,0.8056426332288401,0.9448529411764706,0.7021857923497268,0.8597285067873304,0.7770961145194274,0.9620253164556962
1,0.8370565045992115,0.8597285067873304,0.7770961145194274,0.9620253164556962,0.8597285067873304,0.7770961145194274,0.9620253164556962
