,accuracy,f1,precision,recall,binary_f1,binary_precision,binary_recall
0,0.8531468531468531,0.8273972602739728,0.8728323699421965,0.7864583333333334,0.8722109533468559,0.83984375,0.9071729957805907
1,0.8531468531468531,0.8722109533468559,0.83984375,0.9071729957805907,0.8722109533468559,0.83984375,0.9071729957805907
