,accuracy,f1,precision,recall,binary_f1,binary_precision,binary_recall
0,0.7925407925407926,0.7343283582089554,0.8601398601398601,0.640625,0.8298279158699808,0.7587412587412588,0.9156118143459916
1,0.7925407925407926,0.8298279158699808,0.7587412587412588,0.9156118143459916,0.8298279158699808,0.7587412587412588,0.9156118143459916
