,accuracy,f1,precision,recall,binary_f1,binary_precision,binary_recall
0,0.8601398601398601,0.8351648351648352,0.8837209302325582,0.7916666666666666,0.8785425101214576,0.8443579766536965,0.9156118143459916
1,0.8601398601398601,0.8785425101214576,0.8443579766536965,0.9156118143459916,0.8785425101214576,0.8443579766536965,0.9156118143459916
