,accuracy,f1,precision,recall,binary_f1,binary_precision,binary_recall
0,0.9303547963206308,0.9272976680384087,0.931129476584022,0.9234972677595629,0.9331651954602774,0.9296482412060302,0.9367088607594937
1,0.9303547963206308,0.9331651954602774,0.9296482412060302,0.9367088607594937,0.9331651954602774,0.9296482412060302,0.9367088607594937
