,accuracy,f1,precision,recall,binary_f1,binary_precision,binary_recall
0,0.8648018648018648,0.8388888888888889,0.8988095238095238,0.7864583333333334,0.8835341365461848,0.842911877394636,0.9282700421940928
1,0.8648018648018648,0.8835341365461848,0.842911877394636,0.9282700421940928,0.8835341365461848,0.842911877394636,0.9282700421940928
