,accuracy,f1,precision,recall,binary_f1,binary_precision,binary_recall
0,0.8694638694638694,0.851063829787234,0.8695652173913043,0.8333333333333334,0.8838174273858921,0.8693877551020408,0.8987341772151899
1,0.8694638694638694,0.8838174273858921,0.8693877551020408,0.8987341772151899,0.8838174273858921,0.8693877551020408,0.8987341772151899
