,accuracy,f1,precision,recall,binary_f1,binary_precision,binary_recall
0,0.7715617715617715,0.6711409395973155,0.9433962264150944,0.5208333333333334,0.825,0.7151702786377709,0.9746835443037974
1,0.7715617715617715,0.825,0.7151702786377709,0.9746835443037974,0.825,0.7151702786377709,0.9746835443037974
