,accuracy,f1,precision,recall,binary_f1,binary_precision,binary_recall
0,0.8764568764568764,0.8594164456233423,0.8756756756756757,0.84375,0.8898128898128898,0.8770491803278688,0.9029535864978903
1,0.8764568764568764,0.8898128898128898,0.8770491803278688,0.9029535864978903,0.8898128898128898,0.8770491803278688,0.9029535864978903
