,accuracy,f1,precision,recall,binary_f1,binary_precision,binary_recall
0,0.8205128205128205,0.7780979827089337,0.8709677419354839,0.703125,0.8493150684931507,0.791970802919708,0.9156118143459916
1,0.8205128205128205,0.8493150684931507,0.791970802919708,0.9156118143459916,0.8493150684931507,0.791970802919708,0.9156118143459916
