,accuracy,f1,precision,recall,binary_f1,binary_precision,binary_recall
0,0.8414918414918415,0.8291457286432161,0.8009708737864077,0.859375,0.8521739130434782,0.8789237668161435,0.8270042194092827
1,0.8414918414918415,0.8521739130434782,0.8789237668161435,0.8270042194092827,0.8521739130434782,0.8789237668161435,0.8270042194092827
