,accuracy,f1,precision,recall,binary_f1,binary_precision,binary_recall
0,0.7738927738927739,0.738544474393531,0.7653631284916201,0.7135416666666666,0.8008213552361396,0.78,0.8227848101265823
1,0.7738927738927739,0.8008213552361396,0.78,0.8227848101265823,0.8008213552361396,0.78,0.8227848101265823
