,accuracy,f1,precision,recall,binary_f1,binary_precision,binary_recall
0,0.8484848484848485,0.8284960422163589,0.839572192513369,0.8177083333333334,0.8643006263048015,0.8553719008264463,0.8734177215189873
1,0.8484848484848485,0.8643006263048015,0.8553719008264463,0.8734177215189873,0.8643006263048015,0.8553719008264463,0.8734177215189873
