,accuracy,f1,precision,recall,binary_f1,binary_precision,binary_recall
0,0.9172141918528253,0.9158878504672898,0.8955613577023499,0.9371584699453552,0.9184993531694696,0.9391534391534392,0.8987341772151899
1,0.9172141918528253,0.9184993531694696,0.9391534391534392,0.8987341772151899,0.9184993531694696,0.9391534391534392,0.8987341772151899
