,accuracy,f1,precision,recall,binary_f1,binary_precision,binary_recall
0,0.8344988344988346,0.7965616045845272,0.8853503184713376,0.7239583333333334,0.8605108055009824,0.8051470588235294,0.9240506329113924
1,0.8344988344988346,0.8605108055009824,0.8051470588235294,0.9240506329113924,0.8605108055009824,0.8051470588235294,0.9240506329113924
