,accuracy,f1,precision,recall,binary_f1,binary_precision,binary_recall
0,0.8391608391608392,0.7988338192419826,0.9072847682119205,0.7135416666666666,0.8660194174757282,0.802158273381295,0.9409282700421941
1,0.8391608391608392,0.8660194174757282,0.802158273381295,0.9409282700421941,0.8660194174757282,0.802158273381295,0.9409282700421941
