,accuracy,f1,precision,recall,binary_f1,binary_precision,binary_recall
0,0.8554778554778555,0.819767441860465,0.9276315789473685,0.734375,0.8793774319066149,0.8158844765342961,0.9535864978902954
1,0.8554778554778555,0.8793774319066149,0.8158844765342961,0.9535864978902954,0.8793774319066149,0.8158844765342961,0.9535864978902954
