,accuracy,f1,precision,recall,binary_f1,binary_precision,binary_recall
0,0.8484848484848485,0.8329048843187661,0.8223350253807107,0.84375,0.861407249466951,0.8706896551724138,0.8523206751054853
1,0.8484848484848485,0.861407249466951,0.8706896551724138,0.8523206751054853,0.861407249466951,0.8706896551724138,0.8523206751054853
