,accuracy,f1,precision,recall,binary_f1,binary_precision,binary_recall
0,0.8321678321678322,0.7906976744186046,0.8947368421052632,0.7083333333333334,0.8599221789883268,0.7978339350180506,0.9324894514767933
1,0.8321678321678322,0.8599221789883268,0.7978339350180506,0.9324894514767933,0.8599221789883268,0.7978339350180506,0.9324894514767933
