,accuracy,f1,precision,recall,binary_f1,binary_precision,binary_recall
0,0.8321678321678322,0.7844311377245509,0.9225352112676056,0.6822916666666666,0.8625954198473281,0.7874564459930313,0.9535864978902954
1,0.8321678321678322,0.8625954198473281,0.7874564459930313,0.9535864978902954,0.8625954198473281,0.7874564459930313,0.9535864978902954
