,accuracy,f1,precision,recall,binary_f1,binary_precision,binary_recall
0,0.7910643889618922,0.7503924646781789,0.8819188191881919,0.6530054644808743,0.8203389830508474,0.7408163265306122,0.9189873417721519
1,0.7910643889618922,0.8203389830508474,0.7408163265306122,0.9189873417721519,0.8203389830508474,0.7408163265306122,0.9189873417721519
