,accuracy,f1,precision,recall,binary_f1,binary_precision,binary_recall
0,0.7599067599067599,0.7082152974504249,0.7763975155279503,0.6510416666666666,0.796039603960396,0.75,0.8481012658227848
1,0.7599067599067599,0.796039603960396,0.75,0.8481012658227848,0.796039603960396,0.75,0.8481012658227848
