,accuracy,f1,precision,recall,binary_f1,binary_precision,binary_recall
0,0.8018648018648019,0.7368421052631577,0.9083969465648855,0.6197916666666666,0.8411214953271028,0.7550335570469798,0.9493670886075949
1,0.8018648018648019,0.8411214953271028,0.7550335570469798,0.9493670886075949,0.8411214953271028,0.7550335570469798,0.9493670886075949
