,accuracy,f1,precision,recall,binary_f1,binary_precision,binary_recall
0,0.7910643889618922,0.7371900826446282,0.9330543933054394,0.6092896174863388,0.826608505997819,0.7260536398467433,0.959493670886076
1,0.7910643889618922,0.826608505997819,0.7260536398467433,0.959493670886076,0.826608505997819,0.7260536398467433,0.959493670886076
