,accuracy,f1,precision,recall,binary_f1,binary_precision,binary_recall
0,0.8111888111888111,0.7507692307692306,0.9172932330827067,0.6354166666666666,0.848030018761726,0.7635135135135135,0.9535864978902954
1,0.8111888111888111,0.848030018761726,0.7635135135135135,0.9535864978902954,0.848030018761726,0.7635135135135135,0.9535864978902954
