,accuracy,f1,precision,recall,binary_f1,binary_precision,binary_recall
0,0.8368298368298368,0.8,0.8860759493670886,0.7291666666666666,0.862204724409449,0.8081180811808119,0.9240506329113924
1,0.8368298368298368,0.862204724409449,0.8081180811808119,0.9240506329113924,0.862204724409449,0.8081180811808119,0.9240506329113924
