,accuracy,f1,precision,recall,binary_f1,binary_precision,binary_recall
0,0.8370565045992115,0.8098159509202453,0.9230769230769231,0.7213114754098361,0.8574712643678161,0.7852631578947369,0.9443037974683545
1,0.8370565045992115,0.8574712643678161,0.7852631578947369,0.9443037974683545,0.8574712643678161,0.7852631578947369,0.9443037974683545
