,accuracy,f1,precision,recall,binary_f1,binary_precision,binary_recall
0,0.7785547785547785,0.7112462006079027,0.8540145985401459,0.609375,0.8204158790170133,0.7431506849315068,0.9156118143459916
1,0.7785547785547785,0.8204158790170133,0.7431506849315068,0.9156118143459916,0.8204158790170133,0.7431506849315068,0.9156118143459916
