,accuracy,f1,precision,recall,binary_f1,binary_precision,binary_recall
0,0.835742444152431,0.8211731044349069,0.8618618618618619,0.7841530054644809,0.8481166464155528,0.8154205607476636,0.8835443037974684
1,0.835742444152431,0.8481166464155528,0.8154205607476636,0.8835443037974684,0.8481166464155528,0.8154205607476636,0.8835443037974684
