,accuracy,f1,precision,recall,binary_f1,binary_precision,binary_recall
0,0.8515111695137977,0.8454172366621068,0.8465753424657534,0.8442622950819673,0.8571428571428572,0.8560606060606061,0.8582278481012658
1,0.8515111695137977,0.8571428571428572,0.8560606060606061,0.8582278481012658,0.8571428571428572,0.8560606060606061,0.8582278481012658
