,accuracy,f1,precision,recall,binary_f1,binary_precision,binary_recall
0,0.8321678321678322,0.816326530612245,0.8,0.8333333333333334,0.8454935622317596,0.8602620087336245,0.8312236286919831
1,0.8321678321678322,0.8454935622317596,0.8602620087336245,0.8312236286919831,0.8454935622317596,0.8602620087336245,0.8312236286919831
