,accuracy,f1,precision,recall,binary_f1,binary_precision,binary_recall
0,0.900131406044678,0.8923512747875354,0.9264705882352942,0.860655737704918,0.9068627450980393,0.8788598574821853,0.9367088607594937
1,0.900131406044678,0.9068627450980393,0.8788598574821853,0.9367088607594937,0.9068627450980393,0.8788598574821853,0.9367088607594937
