,accuracy,f1,precision,recall,binary_f1,binary_precision,binary_recall
0,0.7555847568988173,0.6847457627118644,0.9017857142857143,0.5519125683060109,0.8004291845493562,0.6945996275605214,0.9443037974683545
1,0.7555847568988173,0.8004291845493562,0.6945996275605214,0.9443037974683545,0.8004291845493562,0.6945996275605214,0.9443037974683545
