,accuracy,f1,precision,recall,binary_f1,binary_precision,binary_recall
0,0.7902097902097902,0.71875,0.8984375,0.5989583333333334,0.83271375464684,0.7441860465116279,0.9451476793248945
1,0.7902097902097902,0.83271375464684,0.7441860465116279,0.9451476793248945,0.83271375464684,0.7441860465116279,0.9451476793248945
