,accuracy,f1,precision,recall,binary_f1,binary_precision,binary_recall
0,0.8205128205128205,0.7793696275071634,0.8662420382165605,0.7083333333333334,0.8487229862475442,0.7941176470588235,0.9113924050632911
1,0.8205128205128205,0.8487229862475442,0.7941176470588235,0.9113924050632911,0.8487229862475442,0.7941176470588235,0.9113924050632911
