,accuracy,f1,precision,recall,binary_f1,binary_precision,binary_recall
0,0.911957950065703,0.9068150208623087,0.9235127478753541,0.8907103825136612,0.9165628891656289,0.9019607843137255,0.9316455696202531
1,0.911957950065703,0.9165628891656289,0.9019607843137255,0.9316455696202531,0.9165628891656289,0.9019607843137255,0.9316455696202531
