,accuracy,f1,precision,recall,binary_f1,binary_precision,binary_recall
0,0.923784494086728,0.9201101928374655,0.9277777777777778,0.912568306010929,0.9271356783919598,0.9201995012468828,0.9341772151898734
1,0.923784494086728,0.9271356783919598,0.9201995012468828,0.9341772151898734,0.9271356783919598,0.9201995012468828,0.9341772151898734
