,accuracy,f1,precision,recall,binary_f1,binary_precision,binary_recall
0,0.8624708624708625,0.8401084010840109,0.8757062146892656,0.8072916666666666,0.8793456032719837,0.8531746031746031,0.9071729957805907
1,0.8624708624708625,0.8793456032719837,0.8531746031746031,0.9071729957805907,0.8793456032719837,0.8531746031746031,0.9071729957805907
