,accuracy,f1,precision,recall,binary_f1,binary_precision,binary_recall
0,0.8601398601398601,0.8429319371727747,0.8473684210526315,0.8385416666666666,0.8739495798319329,0.8702928870292888,0.8776371308016878
1,0.8601398601398601,0.8739495798319329,0.8702928870292888,0.8776371308016878,0.8739495798319329,0.8702928870292888,0.8776371308016878
