,accuracy,f1,precision,recall,binary_f1,binary_precision,binary_recall
0,0.7715617715617715,0.6838709677419356,0.8983050847457628,0.5520833333333334,0.8211678832116789,0.7234726688102894,0.9493670886075949
1,0.7715617715617715,0.8211678832116789,0.7234726688102894,0.9493670886075949,0.8211678832116789,0.7234726688102894,0.9493670886075949
