,accuracy,f1,precision,recall,binary_f1,binary_precision,binary_recall
0,0.8321678321678322,0.7857142857142857,0.9166666666666666,0.6875,0.8620689655172414,0.7894736842105263,0.9493670886075949
1,0.8321678321678322,0.8620689655172414,0.7894736842105263,0.9493670886075949,0.8620689655172414,0.7894736842105263,0.9493670886075949
