,accuracy,f1,precision,recall,binary_f1,binary_precision,binary_recall
0,0.8321678321678322,0.7966101694915254,0.8703703703703703,0.734375,0.8571428571428571,0.8089887640449438,0.9113924050632911
1,0.8321678321678322,0.8571428571428571,0.8089887640449438,0.9113924050632911,0.8571428571428571,0.8089887640449438,0.9113924050632911
