,accuracy,f1,precision,recall,binary_f1,binary_precision,binary_recall
0,0.8041958041958042,0.7391304347826086,0.9153846153846154,0.6197916666666666,0.8432835820895522,0.7558528428093646,0.9535864978902954
1,0.8041958041958042,0.8432835820895522,0.7558528428093646,0.9535864978902954,0.8432835820895522,0.7558528428093646,0.9535864978902954
