,accuracy,f1,precision,recall,binary_f1,binary_precision,binary_recall
0,0.8298368298368298,0.7932011331444758,0.8695652173913043,0.7291666666666666,0.8554455445544554,0.8059701492537313,0.9113924050632911
1,0.8298368298368298,0.8554455445544554,0.8059701492537313,0.9113924050632911,0.8554455445544554,0.8059701492537313,0.9113924050632911
