,accuracy,f1,precision,recall,binary_f1,binary_precision,binary_recall
0,0.8624708624708625,0.8451443569553806,0.8518518518518519,0.8385416666666666,0.8763102725366877,0.8708333333333333,0.8818565400843882
1,0.8624708624708625,0.8763102725366877,0.8708333333333333,0.8818565400843882,0.8763102725366877,0.8708333333333333,0.8818565400843882
