,accuracy,f1,precision,recall,binary_f1,binary_precision,binary_recall
0,0.8135198135198135,0.7515527950310559,0.9307692307692308,0.6302083333333334,0.8507462686567163,0.7625418060200669,0.9620253164556962
1,0.8135198135198135,0.8507462686567163,0.7625418060200669,0.9620253164556962,0.8507462686567163,0.7625418060200669,0.9620253164556962
