,accuracy,f1,precision,recall,binary_f1,binary_precision,binary_recall
0,0.8414918414918415,0.8011695906432748,0.9133333333333333,0.7135416666666666,0.8682170542635659,0.8028673835125448,0.9451476793248945
1,0.8414918414918415,0.8682170542635659,0.8028673835125448,0.9451476793248945,0.8682170542635659,0.8028673835125448,0.9451476793248945
