,accuracy,f1,precision,recall,binary_f1,binary_precision,binary_recall
0,0.8751642575558476,0.8554033485540334,0.9656357388316151,0.76775956284153,0.8901734104046243,0.8191489361702128,0.9746835443037974
1,0.8751642575558476,0.8901734104046243,0.8191489361702128,0.9746835443037974,0.8901734104046243,0.8191489361702128,0.9746835443037974
