,accuracy,f1,precision,recall,binary_f1,binary_precision,binary_recall
0,0.8041958041958042,0.7439024390243901,0.8970588235294118,0.6354166666666666,0.8415094339622642,0.7610921501706485,0.9409282700421941
1,0.8041958041958042,0.8415094339622642,0.7610921501706485,0.9409282700421941,0.8415094339622642,0.7610921501706485,0.9409282700421941
