,accuracy,f1,precision,recall,binary_f1,binary_precision,binary_recall
0,0.8764568764568764,0.8579088471849865,0.8839779005524862,0.8333333333333334,0.890721649484536,0.8709677419354839,0.9113924050632911
1,0.8764568764568764,0.890721649484536,0.8709677419354839,0.9113924050632911,0.890721649484536,0.8709677419354839,0.9113924050632911
