,accuracy,f1,precision,recall,binary_f1,binary_precision,binary_recall
0,0.9224704336399474,0.9190672153635117,0.9228650137741047,0.9153005464480874,0.9255989911727616,0.9221105527638191,0.9291139240506329
1,0.9224704336399474,0.9255989911727616,0.9221105527638191,0.9291139240506329,0.9255989911727616,0.9221105527638191,0.9291139240506329
