,accuracy,f1,precision,recall,binary_f1,binary_precision,binary_recall
0,0.8909329829172142,0.8835904628330995,0.9077809798270894,0.860655737704918,0.8974042027194067,0.8768115942028986,0.9189873417721519
1,0.8909329829172142,0.8974042027194067,0.8768115942028986,0.9189873417721519,0.8974042027194067,0.8768115942028986,0.9189873417721519
