,accuracy,f1,precision,recall,binary_f1,binary_precision,binary_recall
0,0.8065268065268065,0.764872521246459,0.8385093167701864,0.703125,0.8356435643564356,0.7873134328358209,0.890295358649789
1,0.8065268065268065,0.8356435643564356,0.7873134328358209,0.890295358649789,0.8356435643564356,0.7873134328358209,0.890295358649789
