,accuracy,f1,precision,recall,binary_f1,binary_precision,binary_recall
0,0.8041958041958042,0.7692307692307692,0.813953488372093,0.7291666666666666,0.8299595141700404,0.7976653696498055,0.8649789029535865
1,0.8041958041958042,0.8299595141700404,0.7976653696498055,0.8649789029535865,0.8299595141700404,0.7976653696498055,0.8649789029535865
