,accuracy,f1,precision,recall,binary_f1,binary_precision,binary_recall
0,0.8368298368298368,0.8186528497409326,0.8144329896907216,0.8229166666666666,0.8516949152542372,0.8553191489361702,0.8481012658227848
1,0.8368298368298368,0.8516949152542372,0.8553191489361702,0.8481012658227848,0.8516949152542372,0.8553191489361702,0.8481012658227848
