,accuracy,f1,precision,recall,binary_f1,binary_precision,binary_recall
0,0.8475689881734559,0.8304093567251462,0.8930817610062893,0.7759562841530054,0.8615751789976133,0.8148984198645598,0.9139240506329114
1,0.8475689881734559,0.8615751789976133,0.8148984198645598,0.9139240506329114,0.8615751789976133,0.8148984198645598,0.9139240506329114
