,accuracy,f1,precision,recall,binary_f1,binary_precision,binary_recall
0,0.8368298368298368,0.8066298342541436,0.8588235294117647,0.7604166666666666,0.8588709677419355,0.8223938223938224,0.8987341772151899
1,0.8368298368298368,0.8588709677419355,0.8223938223938224,0.8987341772151899,0.8588709677419355,0.8223938223938224,0.8987341772151899
