,accuracy,f1,precision,recall,binary_f1,binary_precision,binary_recall
0,0.8554778554778555,0.8277777777777778,0.8869047619047619,0.7760416666666666,0.8755020080321285,0.8352490421455939,0.919831223628692
1,0.8554778554778555,0.8755020080321285,0.8352490421455939,0.919831223628692,0.8755020080321285,0.8352490421455939,0.919831223628692
