,accuracy,f1,precision,recall,binary_f1,binary_precision,binary_recall
0,0.8298368298368298,0.8010899182561307,0.84,0.765625,0.8513238289205702,0.8228346456692913,0.8818565400843882
1,0.8298368298368298,0.8513238289205702,0.8228346456692913,0.8818565400843882,0.8513238289205702,0.8228346456692913,0.8818565400843882
