,accuracy,f1,precision,recall,binary_f1,binary_precision,binary_recall
0,0.8298368298368298,0.7966573816155988,0.8562874251497006,0.7447916666666666,0.8537074148296594,0.8129770992366412,0.8987341772151899
1,0.8298368298368298,0.8537074148296594,0.8129770992366412,0.8987341772151899,0.8537074148296594,0.8129770992366412,0.8987341772151899
