,accuracy,f1,precision,recall,binary_f1,binary_precision,binary_recall
0,0.8041958041958042,0.772972972972973,0.8033707865168539,0.7447916666666666,0.8278688524590164,0.8047808764940239,0.8523206751054853
1,0.8041958041958042,0.8278688524590164,0.8047808764940239,0.8523206751054853,0.8278688524590164,0.8047808764940239,0.8523206751054853
