,accuracy,f1,precision,recall,binary_f1,binary_precision,binary_recall
0,0.8331143232588699,0.8198581560283688,0.8525073746312685,0.7896174863387978,0.8445532435740515,0.8175355450236966,0.8734177215189873
1,0.8331143232588699,0.8445532435740515,0.8175355450236966,0.8734177215189873,0.8445532435740515,0.8175355450236966,0.8734177215189873
