,accuracy,f1,precision,recall,binary_f1,binary_precision,binary_recall
0,0.8578088578088578,0.8423772609819122,0.8358974358974359,0.8489583333333334,0.8704883227176221,0.8760683760683761,0.8649789029535865
1,0.8578088578088578,0.8704883227176221,0.8760683760683761,0.8649789029535865,0.8704883227176221,0.8760683760683761,0.8649789029535865
