,accuracy,f1,precision,recall,binary_f1,binary_precision,binary_recall
0,0.8580814717477004,0.8348623853211009,0.9479166666666666,0.7459016393442623,0.8755760368663594,0.8033826638477801,0.9620253164556962
1,0.8580814717477004,0.8755760368663594,0.8033826638477801,0.9620253164556962,0.8755760368663594,0.8033826638477801,0.9620253164556962
