,accuracy,f1,precision,recall,binary_f1,binary_precision,binary_recall
0,0.8228438228438228,0.7738095238095238,0.9027777777777778,0.6770833333333334,0.8544061302681993,0.7824561403508772,0.9409282700421941
1,0.8228438228438228,0.8544061302681993,0.7824561403508772,0.9409282700421941,0.8544061302681993,0.7824561403508772,0.9409282700421941
