,accuracy,f1,precision,recall,binary_f1,binary_precision,binary_recall
0,0.9145860709592641,0.9093444909344491,0.9287749287749287,0.8907103825136612,0.9192546583850932,0.9024390243902439,0.9367088607594937
1,0.9145860709592641,0.9192546583850932,0.9024390243902439,0.9367088607594937,0.9192546583850932,0.9024390243902439,0.9367088607594937
