,accuracy,f1,precision,recall,binary_f1,binary_precision,binary_recall
0,0.8181818181818182,0.7891891891891892,0.8202247191011236,0.7604166666666666,0.8401639344262295,0.8167330677290837,0.8649789029535865
1,0.8181818181818182,0.8401639344262295,0.8167330677290837,0.8649789029535865,0.8401639344262295,0.8167330677290837,0.8649789029535865
