,accuracy,f1,precision,recall,binary_f1,binary_precision,binary_recall
0,0.8391608391608392,0.8109589041095892,0.8554913294797688,0.7708333333333334,0.8600405679513184,0.828125,0.8945147679324894
1,0.8391608391608392,0.8600405679513184,0.828125,0.8945147679324894,0.8600405679513184,0.828125,0.8945147679324894
