,accuracy,f1,precision,recall,binary_f1,binary_precision,binary_recall
0,0.8508158508158508,0.8171428571428572,0.9050632911392406,0.7447916666666666,0.8740157480314961,0.8191881918819188,0.9367088607594937
1,0.8508158508158508,0.8740157480314961,0.8191881918819188,0.9367088607594937,0.8740157480314961,0.8191881918819188,0.9367088607594937
