,accuracy,f1,precision,recall,binary_f1,binary_precision,binary_recall
0,0.8817345597897503,0.8676470588235294,0.9394904458598726,0.8060109289617486,0.8931116389548693,0.8411633109619687,0.9518987341772152
1,0.8817345597897503,0.8931116389548693,0.8411633109619687,0.9518987341772152,0.8931116389548693,0.8411633109619687,0.9518987341772152
