,accuracy,f1,precision,recall,binary_f1,binary_precision,binary_recall
0,0.8717948717948718,0.8548812664907652,0.8663101604278075,0.84375,0.8851774530271398,0.8760330578512396,0.8945147679324894
1,0.8717948717948718,0.8851774530271398,0.8760330578512396,0.8945147679324894,0.8851774530271398,0.8760330578512396,0.8945147679324894
