,accuracy,f1,precision,recall,binary_f1,binary_precision,binary_recall
0,0.9093298291721419,0.9034965034965035,0.9255014326647565,0.8825136612021858,0.9144981412639405,0.8956310679611651,0.9341772151898734
1,0.9093298291721419,0.9144981412639405,0.8956310679611651,0.9341772151898734,0.9144981412639405,0.8956310679611651,0.9341772151898734
