,accuracy,f1,precision,recall,binary_f1,binary_precision,binary_recall
0,0.8648018648018648,0.8432432432432433,0.8764044943820225,0.8125,0.8811475409836067,0.8565737051792829,0.9071729957805907
1,0.8648018648018648,0.8811475409836067,0.8565737051792829,0.9071729957805907,0.8811475409836067,0.8565737051792829,0.9071729957805907
