,accuracy,f1,precision,recall,binary_f1,binary_precision,binary_recall
0,0.9185282522996058,0.9138888888888889,0.9293785310734464,0.8989071038251366,0.9226932668329176,0.9090909090909091,0.9367088607594937
1,0.9185282522996058,0.9226932668329176,0.9090909090909091,0.9367088607594937,0.9226932668329176,0.9090909090909091,0.9367088607594937
