,accuracy,f1,precision,recall,binary_f1,binary_precision,binary_recall
0,0.8484848484848485,0.8238482384823849,0.8587570621468926,0.7916666666666666,0.867075664621677,0.8412698412698413,0.8945147679324894
1,0.8484848484848485,0.867075664621677,0.8412698412698413,0.8945147679324894,0.867075664621677,0.8412698412698413,0.8945147679324894
