,accuracy,f1,precision,recall,binary_f1,binary_precision,binary_recall
0,0.8578088578088578,0.8373333333333334,0.8579234972677595,0.8177083333333334,0.8737060041407868,0.8577235772357723,0.890295358649789
1,0.8578088578088578,0.8737060041407868,0.8577235772357723,0.890295358649789,0.8737060041407868,0.8577235772357723,0.890295358649789
