,accuracy,f1,precision,recall,binary_f1,binary_precision,binary_recall
0,0.9342969776609724,0.9315068493150686,0.9340659340659341,0.9289617486338798,0.936868686868687,0.9345088161209067,0.9392405063291139
1,0.9342969776609724,0.936868686868687,0.9345088161209067,0.9392405063291139,0.936868686868687,0.9345088161209067,0.9392405063291139
