,accuracy,f1,precision,recall,binary_f1,binary_precision,binary_recall
0,0.9027595269382391,0.8969359331476322,0.9147727272727273,0.8797814207650273,0.907960199004975,0.8924205378973105,0.9240506329113924
1,0.9027595269382391,0.907960199004975,0.8924205378973105,0.9240506329113924,0.907960199004975,0.8924205378973105,0.9240506329113924
