,accuracy,f1,precision,recall,binary_f1,binary_precision,binary_recall
0,0.8508158508158508,0.8297872340425533,0.8478260869565217,0.8125,0.867219917012448,0.8530612244897959,0.8818565400843882
1,0.8508158508158508,0.867219917012448,0.8530612244897959,0.8818565400843882,0.867219917012448,0.8530612244897959,0.8818565400843882
