,accuracy,f1,precision,recall,binary_f1,binary_precision,binary_recall
0,0.8484848484848485,0.821917808219178,0.8670520231213873,0.78125,0.8681541582150101,0.8359375,0.9029535864978903
1,0.8484848484848485,0.8681541582150101,0.8359375,0.9029535864978903,0.8681541582150101,0.8359375,0.9029535864978903
