,accuracy,f1,precision,recall,binary_f1,binary_precision,binary_recall
0,0.8883048620236531,0.8804500703234881,0.9072463768115943,0.855191256830601,0.8951911220715167,0.8725961538461539,0.9189873417721519
1,0.8883048620236531,0.8951911220715167,0.8725961538461539,0.9189873417721519,0.8951911220715167,0.8725961538461539,0.9189873417721519
