,accuracy,f1,precision,recall,binary_f1,binary_precision,binary_recall
0,0.8414918414918415,0.8045977011494253,0.8974358974358975,0.7291666666666666,0.8666666666666666,0.8095238095238095,0.9324894514767933
1,0.8414918414918415,0.8666666666666666,0.8095238095238095,0.9324894514767933,0.8666666666666666,0.8095238095238095,0.9324894514767933
