,accuracy,f1,precision,recall,binary_f1,binary_precision,binary_recall
0,0.8065268065268065,0.7446153846153847,0.9097744360902256,0.6302083333333334,0.8442776735459662,0.7601351351351351,0.9493670886075949
1,0.8065268065268065,0.8442776735459662,0.7601351351351351,0.9493670886075949,0.8442776735459662,0.7601351351351351,0.9493670886075949
