,accuracy,f1,precision,recall,binary_f1,binary_precision,binary_recall
0,0.8601398601398601,0.8421052631578947,0.851063829787234,0.8333333333333334,0.8744769874476986,0.8672199170124482,0.8818565400843882
1,0.8601398601398601,0.8744769874476986,0.8672199170124482,0.8818565400843882,0.8744769874476986,0.8672199170124482,0.8818565400843882
