,accuracy,f1,precision,recall,binary_f1,binary_precision,binary_recall
0,0.9356110381077529,0.9325997248968363,0.9390581717451524,0.9262295081967213,0.938364779874214,0.9325,0.9443037974683545
1,0.9356110381077529,0.938364779874214,0.9325,0.9443037974683545,0.938364779874214,0.9325,0.9443037974683545
