,accuracy,f1,precision,recall,binary_f1,binary_precision,binary_recall
0,0.8624708624708625,0.8383561643835618,0.884393063583815,0.796875,0.8803245436105477,0.84765625,0.9156118143459916
1,0.8624708624708625,0.8803245436105477,0.84765625,0.9156118143459916,0.8803245436105477,0.84765625,0.9156118143459916
