,accuracy,f1,precision,recall,binary_f1,binary_precision,binary_recall
0,0.8508158508158508,0.8212290502793297,0.8855421686746988,0.765625,0.8719999999999999,0.8288973384030418,0.919831223628692
1,0.8508158508158508,0.8719999999999999,0.8288973384030418,0.919831223628692,0.8719999999999999,0.8288973384030418,0.919831223628692
