,accuracy,f1,precision,recall,binary_f1,binary_precision,binary_recall
0,0.926412614980289,0.9239130434782609,0.918918918918919,0.9289617486338798,0.9287531806615775,0.9335038363171355,0.9240506329113924
1,0.926412614980289,0.9287531806615775,0.9335038363171355,0.9240506329113924,0.9287531806615775,0.9335038363171355,0.9240506329113924
