,accuracy,f1,precision,recall,binary_f1,binary_precision,binary_recall
0,0.7948717948717948,0.7569060773480663,0.8058823529411765,0.7135416666666666,0.8225806451612905,0.7876447876447876,0.8607594936708861
1,0.7948717948717948,0.8225806451612905,0.7876447876447876,0.8607594936708861,0.8225806451612905,0.7876447876447876,0.8607594936708861
