,accuracy,f1,precision,recall,binary_f1,binary_precision,binary_recall
0,0.8438228438228438,0.814404432132964,0.8698224852071006,0.765625,0.8651911468812877,0.8269230769230769,0.9071729957805907
1,0.8438228438228438,0.8651911468812877,0.8269230769230769,0.9071729957805907,0.8651911468812877,0.8269230769230769,0.9071729957805907
