,accuracy,f1,precision,recall,binary_f1,binary_precision,binary_recall
0,0.8648018648018648,0.8473684210526314,0.8563829787234043,0.8385416666666666,0.8786610878661089,0.8713692946058091,0.8860759493670886
1,0.8648018648018648,0.8786610878661089,0.8713692946058091,0.8860759493670886,0.8786610878661089,0.8713692946058091,0.8860759493670886
