,accuracy,f1,precision,recall,binary_f1,binary_precision,binary_recall
0,0.7871222076215506,0.7344262295081968,0.9180327868852459,0.6120218579234973,0.8223684210526315,0.7253384912959381,0.9493670886075949
1,0.7871222076215506,0.8223684210526315,0.7253384912959381,0.9493670886075949,0.8223684210526315,0.7253384912959381,0.9493670886075949
