,accuracy,f1,precision,recall,binary_f1,binary_precision,binary_recall
0,0.8018648018648019,0.7447447447447448,0.8794326241134752,0.6458333333333334,0.838095238095238,0.7638888888888888,0.9282700421940928
1,0.8018648018648019,0.838095238095238,0.7638888888888888,0.9282700421940928,0.838095238095238,0.7638888888888888,0.9282700421940928
