,accuracy,f1,precision,recall,binary_f1,binary_precision,binary_recall
0,0.8461538461538461,0.8196721311475409,0.8620689655172413,0.78125,0.8658536585365854,0.8352941176470589,0.8987341772151899
1,0.8461538461538461,0.8658536585365854,0.8352941176470589,0.8987341772151899,0.8658536585365854,0.8352941176470589,0.8987341772151899
