,accuracy,f1,precision,recall,binary_f1,binary_precision,binary_recall
0,0.8111888111888111,0.7610619469026548,0.8775510204081632,0.671875,0.8439306358381502,0.776595744680851,0.9240506329113924
1,0.8111888111888111,0.8439306358381502,0.776595744680851,0.9240506329113924,0.8439306358381502,0.776595744680851,0.9240506329113924
