,accuracy,f1,precision,recall,binary_f1,binary_precision,binary_recall
0,0.8741258741258742,0.8524590163934426,0.896551724137931,0.8125,0.8902439024390243,0.8588235294117647,0.9240506329113924
1,0.8741258741258742,0.8902439024390243,0.8588235294117647,0.9240506329113924,0.8902439024390243,0.8588235294117647,0.9240506329113924
