,accuracy,f1,precision,recall,binary_f1,binary_precision,binary_recall
0,0.8321678321678322,0.7894736842105263,0.9,0.703125,0.8604651162790697,0.7956989247311828,0.9367088607594937
1,0.8321678321678322,0.8604651162790697,0.7956989247311828,0.9367088607594937,0.8604651162790697,0.7956989247311828,0.9367088607594937
