,accuracy,f1,precision,recall,binary_f1,binary_precision,binary_recall
0,0.8601398601398601,0.839572192513369,0.8626373626373627,0.8177083333333334,0.8760330578512396,0.8582995951417004,0.8945147679324894
1,0.8601398601398601,0.8760330578512396,0.8582995951417004,0.8945147679324894,0.8760330578512396,0.8582995951417004,0.8945147679324894
