,accuracy,f1,precision,recall,binary_f1,binary_precision,binary_recall
0,0.8344988344988346,0.8126649076517151,0.8235294117647058,0.8020833333333334,0.8517745302713987,0.8429752066115702,0.8607594936708861
1,0.8344988344988346,0.8517745302713987,0.8429752066115702,0.8607594936708861,0.8517745302713987,0.8429752066115702,0.8607594936708861
