,accuracy,f1,precision,recall,binary_f1,binary_precision,binary_recall
0,0.8508158508158508,0.825136612021858,0.867816091954023,0.7864583333333334,0.8699186991869918,0.8392156862745098,0.9029535864978903
1,0.8508158508158508,0.8699186991869918,0.8392156862745098,0.9029535864978903,0.8699186991869918,0.8392156862745098,0.9029535864978903
