,accuracy,f1,precision,recall,binary_f1,binary_precision,binary_recall
0,0.7910643889618922,0.7705627705627706,0.8165137614678899,0.7295081967213115,0.8082026537997589,0.771889400921659,0.8481012658227848
1,0.7910643889618922,0.8082026537997589,0.771889400921659,0.8481012658227848,0.8082026537997589,0.771889400921659,0.8481012658227848
