,accuracy,f1,precision,recall,binary_f1,binary_precision,binary_recall
0,0.7575757575757576,0.718918918918919,0.7471910112359551,0.6927083333333334,0.7868852459016393,0.7649402390438247,0.810126582278481
1,0.7575757575757576,0.7868852459016393,0.7649402390438247,0.810126582278481,0.7868852459016393,0.7649402390438247,0.810126582278481
