,accuracy,f1,precision,recall,binary_f1,binary_precision,binary_recall
0,0.8648018648018648,0.8415300546448087,0.8850574712643678,0.8020833333333334,0.8821138211382114,0.8509803921568627,0.9156118143459916
1,0.8648018648018648,0.8821138211382114,0.8509803921568627,0.9156118143459916,0.8821138211382114,0.8509803921568627,0.9156118143459916
