,accuracy,f1,precision,recall,binary_f1,binary_precision,binary_recall
0,0.8671328671328671,0.8488063660477454,0.8648648648648649,0.8333333333333334,0.8814968814968814,0.8688524590163934,0.8945147679324894
1,0.8671328671328671,0.8814968814968814,0.8688524590163934,0.8945147679324894,0.8814968814968814,0.8688524590163934,0.8945147679324894
