,accuracy,f1,precision,recall,binary_f1,binary_precision,binary_recall
0,0.8251748251748252,0.7945205479452055,0.838150289017341,0.7552083333333334,0.8478701825557808,0.81640625,0.8818565400843882
1,0.8251748251748252,0.8478701825557808,0.81640625,0.8818565400843882,0.8478701825557808,0.81640625,0.8818565400843882
