,accuracy,f1,precision,recall,binary_f1,binary_precision,binary_recall
0,0.8764568764568764,0.8601583113456465,0.8716577540106952,0.8489583333333334,0.8893528183716074,0.8801652892561983,0.8987341772151899
1,0.8764568764568764,0.8893528183716074,0.8801652892561983,0.8987341772151899,0.8893528183716074,0.8801652892561983,0.8987341772151899
