,accuracy,f1,precision,recall,binary_f1,binary_precision,binary_recall
0,0.8648018648018648,0.8465608465608465,0.8602150537634409,0.8333333333333334,0.8791666666666667,0.8683127572016461,0.890295358649789
1,0.8648018648018648,0.8791666666666667,0.8683127572016461,0.890295358649789,0.8791666666666667,0.8683127572016461,0.890295358649789
