,accuracy,f1,precision,recall,binary_f1,binary_precision,binary_recall
0,0.8135198135198135,0.7604790419161678,0.8943661971830986,0.6614583333333334,0.8473282442748091,0.7735191637630662,0.9367088607594937
1,0.8135198135198135,0.8473282442748091,0.7735191637630662,0.9367088607594937,0.8473282442748091,0.7735191637630662,0.9367088607594937
