,accuracy,f1,precision,recall,binary_f1,binary_precision,binary_recall
0,0.8787878787878788,0.8638743455497382,0.868421052631579,0.859375,0.8907563025210083,0.8870292887029289,0.8945147679324894
1,0.8787878787878788,0.8907563025210083,0.8870292887029289,0.8945147679324894,0.8907563025210083,0.8870292887029289,0.8945147679324894
