,accuracy,f1,precision,recall,binary_f1,binary_precision,binary_recall
0,0.8461538461538461,0.8206521739130435,0.8579545454545454,0.7864583333333334,0.8653061224489795,0.8379446640316206,0.8945147679324894
1,0.8461538461538461,0.8653061224489795,0.8379446640316206,0.8945147679324894,0.8653061224489795,0.8379446640316206,0.8945147679324894
