,accuracy,f1,precision,recall,binary_f1,binary_precision,binary_recall
0,0.8904428904428905,0.8766404199475065,0.8835978835978836,0.8697916666666666,0.9014675052410902,0.8958333333333334,0.9071729957805907
1,0.8904428904428905,0.9014675052410902,0.8958333333333334,0.9071729957805907,0.9014675052410902,0.8958333333333334,0.9071729957805907
