,accuracy,f1,precision,recall,binary_f1,binary_precision,binary_recall
0,0.8461538461538461,0.8081395348837209,0.9144736842105263,0.7239583333333334,0.8715953307392996,0.8086642599277978,0.9451476793248945
1,0.8461538461538461,0.8715953307392996,0.8086642599277978,0.9451476793248945,0.8715953307392996,0.8086642599277978,0.9451476793248945
