,accuracy,f1,precision,recall,binary_f1,binary_precision,binary_recall
0,0.8265440210249672,0.7917981072555205,0.9365671641791045,0.6857923497267759,0.8513513513513514,0.7667342799188641,0.9569620253164557
1,0.8265440210249672,0.8513513513513514,0.7667342799188641,0.9569620253164557,0.8513513513513514,0.7667342799188641,0.9569620253164557
