,accuracy,f1,precision,recall,binary_f1,binary_precision,binary_recall
0,0.8205128205128205,0.7728613569321534,0.891156462585034,0.6822916666666666,0.8516377649325627,0.7836879432624113,0.9324894514767933
1,0.8205128205128205,0.8516377649325627,0.7836879432624113,0.9324894514767933,0.8516377649325627,0.7836879432624113,0.9324894514767933
