,accuracy,f1,precision,recall,binary_f1,binary_precision,binary_recall
0,0.8414918414918415,0.8121546961325967,0.8647058823529412,0.765625,0.8629032258064516,0.8262548262548263,0.9029535864978903
1,0.8414918414918415,0.8629032258064516,0.8262548262548263,0.9029535864978903,0.8629032258064516,0.8262548262548263,0.9029535864978903
