,accuracy,f1,precision,recall,binary_f1,binary_precision,binary_recall
0,0.8018648018648019,0.7301587301587301,0.9349593495934959,0.5989583333333334,0.843462246777164,0.7483660130718954,0.9662447257383966
1,0.8018648018648019,0.843462246777164,0.7483660130718954,0.9662447257383966,0.843462246777164,0.7483660130718954,0.9662447257383966
