,accuracy,f1,precision,recall,binary_f1,binary_precision,binary_recall
0,0.8414918414918415,0.8057142857142857,0.8924050632911392,0.734375,0.8661417322834646,0.8118081180811808,0.9282700421940928
1,0.8414918414918415,0.8661417322834646,0.8118081180811808,0.9282700421940928,0.8661417322834646,0.8118081180811808,0.9282700421940928
