,accuracy,f1,precision,recall,binary_f1,binary_precision,binary_recall
0,0.8531468531468531,0.821529745042493,0.9006211180124224,0.7552083333333334,0.8752475247524752,0.8246268656716418,0.9324894514767933
1,0.8531468531468531,0.8752475247524752,0.8246268656716418,0.9324894514767933,0.8752475247524752,0.8246268656716418,0.9324894514767933
