,accuracy,f1,precision,recall,binary_f1,binary_precision,binary_recall
0,0.9145860709592641,0.9085794655414907,0.936231884057971,0.8825136612021858,0.9198520345252774,0.8966346153846154,0.9443037974683545
1,0.9145860709592641,0.9198520345252774,0.8966346153846154,0.9443037974683545,0.9198520345252774,0.8966346153846154,0.9443037974683545
