,accuracy,f1,precision,recall,binary_f1,binary_precision,binary_recall
0,0.7692307692307693,0.7345844504021446,0.7569060773480663,0.7135416666666666,0.7958762886597938,0.7782258064516129,0.8143459915611815
1,0.7692307692307693,0.7958762886597938,0.7782258064516129,0.8143459915611815,0.7958762886597938,0.7782258064516129,0.8143459915611815
