,accuracy,f1,precision,recall,binary_f1,binary_precision,binary_recall
0,0.8717948717948718,0.8517520215633423,0.88268156424581,0.8229166666666666,0.8870636550308009,0.864,0.9113924050632911
1,0.8717948717948718,0.8870636550308009,0.864,0.9113924050632911,0.8870636550308009,0.864,0.9113924050632911
