,accuracy,f1,precision,recall,binary_f1,binary_precision,binary_recall
0,0.8531468531468531,0.8254847645429362,0.8816568047337278,0.7760416666666666,0.8732394366197183,0.8346153846153846,0.9156118143459916
1,0.8531468531468531,0.8732394366197183,0.8346153846153846,0.9156118143459916,0.8732394366197183,0.8346153846153846,0.9156118143459916
