,accuracy,f1,precision,recall,binary_f1,binary_precision,binary_recall
0,0.9277266754270697,0.9237170596393898,0.9380281690140845,0.9098360655737705,0.9313358302122346,0.9187192118226601,0.9443037974683545
1,0.9277266754270697,0.9313358302122346,0.9187192118226601,0.9443037974683545,0.9313358302122346,0.9187192118226601,0.9443037974683545
