,accuracy,f1,precision,recall,binary_f1,binary_precision,binary_recall
0,0.8648018648018648,0.8481675392670157,0.8526315789473684,0.84375,0.8781512605042016,0.8744769874476988,0.8818565400843882
1,0.8648018648018648,0.8781512605042016,0.8744769874476988,0.8818565400843882,0.8781512605042016,0.8744769874476988,0.8818565400843882
