,accuracy,f1,precision,recall,binary_f1,binary_precision,binary_recall
0,0.8508158508158508,0.8160919540229885,0.9102564102564102,0.7395833333333334,0.8745098039215686,0.8168498168498168,0.9409282700421941
1,0.8508158508158508,0.8745098039215686,0.8168498168498168,0.9409282700421941,0.8745098039215686,0.8168498168498168,0.9409282700421941
