,accuracy,f1,precision,recall,binary_f1,binary_precision,binary_recall
0,0.8725361366622865,0.8571428571428571,0.9297124600638977,0.7950819672131147,0.8849347568208779,0.8325892857142857,0.9443037974683545
1,0.8725361366622865,0.8849347568208779,0.8325892857142857,0.9443037974683545,0.8849347568208779,0.8325892857142857,0.9443037974683545
