,accuracy,f1,precision,recall,binary_f1,binary_precision,binary_recall
0,0.7925407925407926,0.7405247813411079,0.8410596026490066,0.6614583333333334,0.8271844660194174,0.7661870503597122,0.8987341772151899
1,0.7925407925407926,0.8271844660194174,0.7661870503597122,0.8987341772151899,0.8271844660194174,0.7661870503597122,0.8987341772151899
