,accuracy,f1,precision,recall,binary_f1,binary_precision,binary_recall
0,0.8088578088578089,0.7602339181286549,0.8666666666666667,0.6770833333333334,0.8410852713178295,0.7777777777777778,0.9156118143459916
1,0.8088578088578089,0.8410852713178295,0.7777777777777778,0.9156118143459916,0.8410852713178295,0.7777777777777778,0.9156118143459916
