,accuracy,f1,precision,recall,binary_f1,binary_precision,binary_recall
0,0.8580814717477004,0.8402366863905326,0.9161290322580645,0.7759562841530054,0.8723404255319149,0.8181818181818182,0.9341772151898734
1,0.8580814717477004,0.8723404255319149,0.8181818181818182,0.9341772151898734,0.8723404255319149,0.8181818181818182,0.9341772151898734
