,accuracy,f1,precision,recall,binary_f1,binary_precision,binary_recall
0,0.926412614980289,0.9245283018867926,0.9122340425531915,0.9371584699453552,0.9282051282051281,0.9402597402597402,0.9164556962025316
1,0.926412614980289,0.9282051282051281,0.9402597402597402,0.9164556962025316,0.9282051282051281,0.9402597402597402,0.9164556962025316
