,accuracy,f1,precision,recall,binary_f1,binary_precision,binary_recall
0,0.8508158508158508,0.827027027027027,0.8595505617977528,0.796875,0.8688524590163935,0.8446215139442231,0.8945147679324894
1,0.8508158508158508,0.8688524590163935,0.8446215139442231,0.8945147679324894,0.8688524590163935,0.8446215139442231,0.8945147679324894
