,accuracy,f1,precision,recall,binary_f1,binary_precision,binary_recall
0,0.8414918414918415,0.8247422680412372,0.8163265306122449,0.8333333333333334,0.8553191489361701,0.8626609442060086,0.8481012658227848
1,0.8414918414918415,0.8553191489361701,0.8626609442060086,0.8481012658227848,0.8553191489361701,0.8626609442060086,0.8481012658227848
