,accuracy,f1,precision,recall,binary_f1,binary_precision,binary_recall
0,0.8461538461538461,0.8166666666666667,0.875,0.765625,0.8674698795180723,0.8275862068965517,0.9113924050632911
1,0.8461538461538461,0.8674698795180723,0.8275862068965517,0.9113924050632911,0.8674698795180723,0.8275862068965517,0.9113924050632911
