,accuracy,f1,precision,recall,binary_f1,binary_precision,binary_recall
0,0.9277266754270697,0.9255751014884979,0.9168900804289544,0.9344262295081968,0.9297573435504469,0.9381443298969072,0.9215189873417722
1,0.9277266754270697,0.9297573435504469,0.9381443298969072,0.9215189873417722,0.9297573435504469,0.9381443298969072,0.9215189873417722
