,accuracy,f1,precision,recall,binary_f1,binary_precision,binary_recall
0,0.8717948717948718,0.8593350383631713,0.8442211055276382,0.875,0.8822269807280514,0.8956521739130435,0.869198312236287
1,0.8717948717948718,0.8822269807280514,0.8956521739130435,0.869198312236287,0.8822269807280514,0.8956521739130435,0.869198312236287
