,accuracy,f1,precision,recall,binary_f1,binary_precision,binary_recall
0,0.8717948717948718,0.8563968668407309,0.8586387434554974,0.8541666666666666,0.8842105263157894,0.8823529411764706,0.8860759493670886
1,0.8717948717948718,0.8842105263157894,0.8823529411764706,0.8860759493670886,0.8842105263157894,0.8823529411764706,0.8860759493670886
