,accuracy,f1,precision,recall,binary_f1,binary_precision,binary_recall
0,0.8391608391608392,0.8088642659279779,0.863905325443787,0.7604166666666666,0.8611670020120725,0.823076923076923,0.9029535864978903
1,0.8391608391608392,0.8611670020120725,0.823076923076923,0.9029535864978903,0.8611670020120725,0.823076923076923,0.9029535864978903
