,accuracy,f1,precision,recall,binary_f1,binary_precision,binary_recall
0,0.8265440210249672,0.804733727810651,0.8774193548387097,0.7431693989071039,0.8439716312056738,0.7915742793791575,0.9037974683544304
1,0.8265440210249672,0.8439716312056738,0.7915742793791575,0.9037974683544304,0.8439716312056738,0.7915742793791575,0.9037974683544304
