,accuracy,f1,precision,recall,binary_f1,binary_precision,binary_recall
0,0.8777923784494087,0.8699300699300699,0.8911174785100286,0.8497267759562842,0.8847583643122677,0.866504854368932,0.9037974683544304
1,0.8777923784494087,0.8847583643122677,0.866504854368932,0.9037974683544304,0.8847583643122677,0.866504854368932,0.9037974683544304
