,accuracy,f1,precision,recall,binary_f1,binary_precision,binary_recall
0,0.8567674113009198,0.8385185185185184,0.9158576051779935,0.773224043715847,0.871310507674144,0.8163716814159292,0.9341772151898734
1,0.8567674113009198,0.871310507674144,0.8163716814159292,0.9341772151898734,0.871310507674144,0.8163716814159292,0.9341772151898734
