,accuracy,f1,precision,recall,binary_f1,binary_precision,binary_recall
0,0.8438228438228438,0.8133704735376045,0.874251497005988,0.7604166666666666,0.8657314629258517,0.8244274809160306,0.9113924050632911
1,0.8438228438228438,0.8657314629258517,0.8244274809160306,0.9113924050632911,0.8657314629258517,0.8244274809160306,0.9113924050632911
