,accuracy,f1,precision,recall,binary_f1,binary_precision,binary_recall
0,0.8508158508158508,0.8181818181818182,0.9,0.75,0.8735177865612649,0.8215613382899628,0.9324894514767933
1,0.8508158508158508,0.8735177865612649,0.8215613382899628,0.9324894514767933,0.8735177865612649,0.8215613382899628,0.9324894514767933
