,accuracy,f1,precision,recall,binary_f1,binary_precision,binary_recall
0,0.8484848484848485,0.8199445983379501,0.8757396449704142,0.7708333333333334,0.8692152917505029,0.8307692307692308,0.9113924050632911
1,0.8484848484848485,0.8692152917505029,0.8307692307692308,0.9113924050632911,0.8692152917505029,0.8307692307692308,0.9113924050632911
