,accuracy,f1,precision,recall,binary_f1,binary_precision,binary_recall
0,0.8601398601398601,0.8484848484848485,0.8235294117647058,0.875,0.8701298701298702,0.8933333333333333,0.8481012658227848
1,0.8601398601398601,0.8701298701298702,0.8933333333333333,0.8481012658227848,0.8701298701298702,0.8933333333333333,0.8481012658227848
