,accuracy,f1,precision,recall,binary_f1,binary_precision,binary_recall
0,0.8804204993429697,0.8813559322033898,0.8428927680798005,0.9234972677595629,0.8794701986754967,0.9222222222222223,0.8405063291139241
1,0.8804204993429697,0.8794701986754967,0.9222222222222223,0.8405063291139241,0.8794701986754967,0.9222222222222223,0.8405063291139241
