,accuracy,f1,precision,recall,binary_f1,binary_precision,binary_recall
0,0.8461538461538461,0.8186813186813185,0.8662790697674418,0.7760416666666666,0.8663967611336033,0.8326848249027238,0.9029535864978903
1,0.8461538461538461,0.8663967611336033,0.8326848249027238,0.9029535864978903,0.8663967611336033,0.8326848249027238,0.9029535864978903
