,accuracy,f1,precision,recall,binary_f1,binary_precision,binary_recall
0,0.8624708624708625,0.8521303258145363,0.821256038647343,0.8854166666666666,0.8714596949891067,0.9009009009009009,0.8438818565400844
1,0.8624708624708625,0.8714596949891067,0.9009009009009009,0.8438818565400844,0.8714596949891067,0.9009009009009009,0.8438818565400844
