,accuracy,f1,precision,recall,binary_f1,binary_precision,binary_recall
0,0.9185282522996058,0.9173333333333333,0.8958333333333334,0.9398907103825137,0.9196891191709846,0.9416445623342176,0.8987341772151899
1,0.9185282522996058,0.9196891191709846,0.9416445623342176,0.8987341772151899,0.9196891191709846,0.9416445623342176,0.8987341772151899
