,accuracy,f1,precision,recall,binary_f1,binary_precision,binary_recall
0,0.8275058275058275,0.7784431137724552,0.9154929577464789,0.6770833333333334,0.8587786259541985,0.7839721254355401,0.9493670886075949
1,0.8275058275058275,0.8587786259541985,0.7839721254355401,0.9493670886075949,0.8587786259541985,0.7839721254355401,0.9493670886075949
