,accuracy,f1,precision,recall,binary_f1,binary_precision,binary_recall
0,0.7296037296037297,0.6704545454545455,0.7375,0.6145833333333334,0.7707509881422925,0.724907063197026,0.8227848101265823
1,0.7296037296037297,0.7707509881422925,0.724907063197026,0.8227848101265823,0.7707509881422925,0.724907063197026,0.8227848101265823
