,accuracy,f1,precision,recall,binary_f1,binary_precision,binary_recall
0,0.8624708624708625,0.8418230563002681,0.8674033149171271,0.8177083333333334,0.8783505154639176,0.8588709677419355,0.8987341772151899
1,0.8624708624708625,0.8783505154639176,0.8588709677419355,0.8987341772151899,0.8783505154639176,0.8588709677419355,0.8987341772151899
