,accuracy,f1,precision,recall,binary_f1,binary_precision,binary_recall
0,0.9277266754270697,0.9249658935879945,0.9237057220708447,0.9262295081967213,0.9302915082382762,0.9314720812182741,0.9291139240506329
1,0.9277266754270697,0.9302915082382762,0.9314720812182741,0.9291139240506329,0.9302915082382762,0.9314720812182741,0.9291139240506329
