,accuracy,f1,precision,recall,binary_f1,binary_precision,binary_recall
0,0.8391608391608392,0.8188976377952756,0.8253968253968254,0.8125,0.8553459119496856,0.85,0.8607594936708861
1,0.8391608391608392,0.8553459119496856,0.85,0.8607594936708861,0.8553459119496856,0.85,0.8607594936708861
