,accuracy,f1,precision,recall,binary_f1,binary_precision,binary_recall
0,0.8275058275058275,0.783625730994152,0.8933333333333333,0.6979166666666666,0.8565891472868218,0.7921146953405018,0.9324894514767933
1,0.8275058275058275,0.8565891472868218,0.7921146953405018,0.9324894514767933,0.8565891472868218,0.7921146953405018,0.9324894514767933
