,accuracy,f1,precision,recall,binary_f1,binary_precision,binary_recall
0,0.8304862023653088,0.8006182380216383,0.9217081850533808,0.7076502732240437,0.8525714285714288,0.7770833333333333,0.9443037974683545
1,0.8304862023653088,0.8525714285714288,0.7770833333333333,0.9443037974683545,0.8525714285714288,0.7770833333333333,0.9443037974683545
