,accuracy,f1,precision,recall,binary_f1,binary_precision,binary_recall
0,0.9185282522996058,0.9166666666666666,0.9021164021164021,0.9316939890710383,0.9203084832904884,0.9347258485639687,0.9063291139240506
1,0.9185282522996058,0.9203084832904884,0.9347258485639687,0.9063291139240506,0.9203084832904884,0.9347258485639687,0.9063291139240506
