,accuracy,f1,precision,recall,binary_f1,binary_precision,binary_recall
0,0.8508158508158508,0.8306878306878307,0.8440860215053764,0.8177083333333334,0.8666666666666666,0.8559670781893004,0.8776371308016878
1,0.8508158508158508,0.8666666666666666,0.8559670781893004,0.8776371308016878,0.8666666666666666,0.8559670781893004,0.8776371308016878
