,accuracy,f1,precision,recall,binary_f1,binary_precision,binary_recall
0,0.8251748251748252,0.7967479674796748,0.8305084745762712,0.765625,0.8466257668711655,0.8214285714285714,0.8734177215189873
1,0.8251748251748252,0.8466257668711655,0.8214285714285714,0.8734177215189873,0.8466257668711655,0.8214285714285714,0.8734177215189873
