,accuracy,f1,precision,recall,binary_f1,binary_precision,binary_recall
0,0.873850197109067,0.8596491228070176,0.9245283018867925,0.8032786885245902,0.8854415274463008,0.837471783295711,0.9392405063291139
1,0.873850197109067,0.8854415274463008,0.837471783295711,0.9392405063291139,0.8854415274463008,0.837471783295711,0.9392405063291139
