,accuracy,f1,precision,recall,binary_f1,binary_precision,binary_recall
0,0.8391608391608392,0.807799442896936,0.8682634730538922,0.7552083333333334,0.8617234468937875,0.8206106870229007,0.9071729957805907
1,0.8391608391608392,0.8617234468937875,0.8206106870229007,0.9071729957805907,0.8617234468937875,0.8206106870229007,0.9071729957805907
