,accuracy,f1,precision,recall,binary_f1,binary_precision,binary_recall
0,0.8041958041958042,0.7704918032786885,0.8103448275862069,0.734375,0.829268292682927,0.8,0.8607594936708861
1,0.8041958041958042,0.829268292682927,0.8,0.8607594936708861,0.829268292682927,0.8,0.8607594936708861
