,accuracy,f1,precision,recall,binary_f1,binary_precision,binary_recall
0,0.8438228438228438,0.8046647230320699,0.9139072847682119,0.71875,0.8699029126213592,0.8057553956834532,0.9451476793248945
1,0.8438228438228438,0.8699029126213592,0.8057553956834532,0.9451476793248945,0.8699029126213592,0.8057553956834532,0.9451476793248945
