,accuracy,f1,precision,recall,binary_f1,binary_precision,binary_recall
0,0.8578088578088578,0.8364611260053619,0.861878453038674,0.8125,0.8742268041237113,0.8548387096774194,0.8945147679324894
1,0.8578088578088578,0.8742268041237113,0.8548387096774194,0.8945147679324894,0.8742268041237113,0.8548387096774194,0.8945147679324894
