,accuracy,f1,precision,recall,binary_f1,binary_precision,binary_recall
0,0.8508158508158508,0.8128654970760235,0.9266666666666666,0.7239583333333334,0.875968992248062,0.8100358422939068,0.9535864978902954
1,0.8508158508158508,0.875968992248062,0.8100358422939068,0.9535864978902954,0.875968992248062,0.8100358422939068,0.9535864978902954
