,accuracy,f1,precision,recall,binary_f1,binary_precision,binary_recall
0,0.8531468531468531,0.8346456692913385,0.8412698412698413,0.828125,0.8679245283018868,0.8625,0.8734177215189873
1,0.8531468531468531,0.8679245283018868,0.8625,0.8734177215189873,0.8679245283018868,0.8625,0.8734177215189873
