,accuracy,f1,precision,recall,binary_f1,binary_precision,binary_recall
0,0.923784494086728,0.9222520107238605,0.9052631578947369,0.9398907103825137,0.9252577319587628,0.9422572178477691,0.9088607594936708
1,0.923784494086728,0.9252577319587628,0.9422572178477691,0.9088607594936708,0.9252577319587628,0.9422572178477691,0.9088607594936708
