,accuracy,f1,precision,recall,binary_f1,binary_precision,binary_recall
0,0.8909329829172142,0.8812589413447783,0.924924924924925,0.8415300546448088,0.8991494532199271,0.8644859813084113,0.9367088607594937
1,0.8909329829172142,0.8991494532199271,0.8644859813084113,0.9367088607594937,0.8991494532199271,0.8644859813084113,0.9367088607594937
