,accuracy,f1,precision,recall,binary_f1,binary_precision,binary_recall
0,0.8298368298368298,0.7988980716253443,0.847953216374269,0.7552083333333334,0.8525252525252525,0.8178294573643411,0.890295358649789
1,0.8298368298368298,0.8525252525252525,0.8178294573643411,0.890295358649789,0.8525252525252525,0.8178294573643411,0.890295358649789
