,accuracy,f1,precision,recall,binary_f1,binary_precision,binary_recall
0,0.8438228438228438,0.8123249299719888,0.8787878787878788,0.7552083333333334,0.8662674650698604,0.821969696969697,0.9156118143459916
1,0.8438228438228438,0.8662674650698604,0.821969696969697,0.9156118143459916,0.8662674650698604,0.821969696969697,0.9156118143459916
